124|"consequatur"|"[{'photo_type':'exterior','date':'2018-10-17T03:20:23.354Z','photoURL':'https://s3-us-west-1.amazonaws.com/sdc-restaurantproject-assets/images/wine-glasses-176991__340.jpg'},{'photo_type':'exterior','date':'2018-11-13T00:02:41.669Z','photoURL':'https://s3-us-west-1.amazonaws.com/sdc-restaurantproject-assets/images/apple-1122537__340.jpg'},{'photo_type':'interior','date':'2018-11-16T17:14:47.613Z','photoURL':'https://s3-us-west-1.amazonaws.com/sdc-restaurantproject-assets/images/basil-dinner-dish-64208 (1).jpg'},{'photo_type':'exterior','date':'2018-12-24T17:20:23.733Z','photoURL':'https://s3-us-west-1.amazonaws.com/sdc-restaurantproject-assets/images/photo-1495299458363-c7d39bb37892.jpeg'},{'photo_type':'food','date':'2018-12-07T20:14:29.064Z','photoURL':'https://s3-us-west-1.amazonaws.com/sdc-restaurantproject-assets/images/top-view-1248955__340.jpg'},{'photo_type':'drink','date':'2018-12-26T17:24:57.269Z','photoURL':'https://s3-us-west-1.amazonaws.com/sdc-restaurantproject-assets/images/beverages-brunch-cocktail-5317.jpg'},{'photo_type':'food','date':'2018-12-07T09:04:07.800Z','photoURL':'https://s3-us-west-1.amazonaws.com/sdc-restaurantproject-assets/images/photo-1432139509613-5c4255815697.jpeg'},{'photo_type':'drink','date':'2018-11-15T10:38:15.357Z','photoURL':'https://s3-us-west-1.amazonaws.com/sdc-restaurantproject-assets/images/plum-1898196__340.jpg'},{'photo_type':'food','date':'2018-12-24T05:22:05.988Z','photoURL':'https://s3-us-west-1.amazonaws.com/sdc-restaurantproject-assets/images/bar-city-commerce-1058277 (1).jpg'},{'photo_type':'drink','date':'2019-01-12T01:12:15.733Z','photoURL':'https://s3-us-west-1.amazonaws.com/sdc-restaurantproject-assets/images/photo-1484300681262-5cca666b0954.jpeg'},{'photo_type':'food','date':'2019-01-08T21:45:37.705Z','photoURL':'https://s3-us-west-1.amazonaws.com/sdc-restaurantproject-assets/images/blur-breakfast-chef-262978.jpg'},{'photo_type':'food','date':'2018-10-27T13:33:08.136Z','photoURL':'https://s3-us-west-1.amazonaws.com/sdc-restaurantproject-assets/images/waffle-heart-2697904__340 (1).jpg'},{'photo_type':'drink','date':'2018-12-23T03:58:59.692Z','photoURL':'https://s3-us-west-1.amazonaws.com/sdc-restaurantproject-assets/images/cupcakes-690040__340 (1).jpg'},{'photo_type':'drink','date':'2019-01-05T08:06:52.661Z','photoURL':'https://s3-us-west-1.amazonaws.com/sdc-restaurantproject-assets/images/vegetables-1085063__340.jpg'},{'photo_type':'drink','date':'2018-12-05T21:38:19.464Z','photoURL':'https://s3-us-west-1.amazonaws.com/sdc-restaurantproject-assets/images/coffee-2425303__340.jpg'},{'photo_type':'drink','date':'2018-12-09T02:17:08.048Z','photoURL':'https://s3-us-west-1.amazonaws.com/sdc-restaurantproject-assets/images/bahamas-1982413__340.jpg'},{'photo_type':'drink','date':'2019-01-05T15:56:07.695Z','photoURL':'https://s3-us-west-1.amazonaws.com/sdc-restaurantproject-assets/images/candy-1678933__340 (1).jpg'},{'photo_type':'drink','date':'2018-12-18T15:26:50.338Z','photoURL':'https://s3-us-west-1.amazonaws.com/sdc-restaurantproject-assets/images/photo-1495299458363-c7d39bb37892.jpeg'}]"
125|"aspernatur"|"[{'photo_type':'exterior','date':'2018-10-18T10:45:49.391Z','photoURL':'https://s3-us-west-1.amazonaws.com/sdc-restaurantproject-assets/images/top-view-1248955__340 (1).jpg'},{'photo_type':'interior','date':'2018-11-21T23:07:34.153Z','photoURL':'https://s3-us-west-1.amazonaws.com/sdc-restaurantproject-assets/images/eat-2834549__340 (1).jpg'},{'photo_type':'exterior','date':'2018-12-08T08:01:27.561Z','photoURL':'https://s3-us-west-1.amazonaws.com/sdc-restaurantproject-assets/images/cafe-1872888__340.jpg'},{'photo_type':'interior','date':'2018-12-29T13:33:52.622Z','photoURL':'https://s3-us-west-1.amazonaws.com/sdc-restaurantproject-assets/images/profile-1456946414779-142d09861996.jpeg'},{'photo_type':'drink','date':'2019-01-06T16:33:33.129Z','photoURL':'https://s3-us-west-1.amazonaws.com/sdc-restaurantproject-assets/images/girl-1064667__340.jpg'},{'photo_type':'food','date':'2018-11-02T23:36:51.528Z','photoURL':'https://s3-us-west-1.amazonaws.com/sdc-restaurantproject-assets/images/profile-1498506991076-d309df1e3097.png'},{'photo_type':'food','date':'2019-01-08T00:06:14.386Z','photoURL':'https://s3-us-west-1.amazonaws.com/sdc-restaurantproject-assets/images/photo-1538253018136-a68f21eda0f8.jpeg'},{'photo_type':'food','date':'2018-11-07T05:30:08.379Z','photoURL':'https://s3-us-west-1.amazonaws.com/sdc-restaurantproject-assets/images/profile-1456946414779-142d09861996.jpeg'},{'photo_type':'drink','date':'2018-11-08T20:30:06.833Z','photoURL':'https://s3-us-west-1.amazonaws.com/sdc-restaurantproject-assets/images/blueberries-1576409__340.jpg'},{'photo_type':'food','date':'2018-11-24T09:33:21.478Z','photoURL':'https://s3-us-west-1.amazonaws.com/sdc-restaurantproject-assets/images/strawberries-1330459__340 (1).jpg'},{'photo_type':'drink','date':'2018-12-04T13:27:09.585Z','photoURL':'https://s3-us-west-1.amazonaws.com/sdc-restaurantproject-assets/images/profile-1539035704927-e497a1b22958.jpeg'},{'photo_type':'drink','date':'2019-01-10T00:17:06.486Z','photoURL':'https://s3-us-west-1.amazonaws.com/sdc-restaurantproject-assets/images/profile-1544235114102-de429e015dd4.jpeg'},{'photo_type':'drink','date':'2018-11-23T01:33:48.430Z','photoURL':'https://s3-us-west-1.amazonaws.com/sdc-restaurantproject-assets/images/salad-2756467__340.jpg'},{'photo_type':'drink','date':'2018-11-01T09:57:56.681Z','photoURL':'https://s3-us-west-1.amazonaws.com/sdc-restaurantproject-assets/images/adult-blur-blurred-background-687824.jpg'},{'photo_type':'food','date':'2019-01-14T00:42:36.002Z','photoURL':'https://s3-us-west-1.amazonaws.com/sdc-restaurantproject-assets/images/bar-984527__340.jpg'},{'photo_type':'drink','date':'2019-01-14T03:00:00.765Z','photoURL':'https://s3-us-west-1.amazonaws.com/sdc-restaurantproject-assets/images/glasses-919071__340.jpg'},{'photo_type':'drink','date':'2018-11-27T19:05:52.676Z','photoURL':'https://s3-us-west-1.amazonaws.com/sdc-restaurantproject-assets/images/cook-366875__340 (1).jpg'},{'photo_type':'drink','date':'2018-10-28T22:07:11.570Z','photoURL':'https://s3-us-west-1.amazonaws.com/sdc-restaurantproject-assets/images/garlic-139659__340 (1).jpg'},{'photo_type':'drink','date':'2019-01-10T02:04:12.525Z','photoURL':'https://s3-us-west-1.amazonaws.com/sdc-restaurantproject-assets/images/profile-1471208332021-d1dbaaba4a34.jpeg'},{'photo_type':'drink','date':'2018-10-24T09:07:30.268Z','photoURL':'https://s3-us-west-1.amazonaws.com/sdc-restaurantproject-assets/images/cafe-768771__340.jpg'},{'photo_type':'food','date':'2018-11-07T04:59:03.017Z','photoURL':'https://s3-us-west-1.amazonaws.com/sdc-restaurantproject-assets/images/mediterranean-cuisine-2378758__340 (2).jpg'},{'photo_type':'drink','date':'2018-10-22T13:12:23.366Z','photoURL':'https://s3-us-west-1.amazonaws.com/sdc-restaurantproject-assets/images/photo-1453831362806-3d5577f014a4.jpeg'},{'photo_type':'food','date':'2019-01-12T13:21:24.976Z','photoURL':'https://s3-us-west-1.amazonaws.com/sdc-restaurantproject-assets/images/photo-1517248135467-4c7edcad34c4.jpeg'},{'photo_type':'food','date':'2018-12-01T13:59:11.534Z','photoURL':'https://s3-us-west-1.amazonaws.com/sdc-restaurantproject-assets/images/asparagus-barbecue-bbq-675951.jpg'},{'photo_type':'food','date':'2018-12-30T13:49:56.286Z','photoURL':'https://s3-us-west-1.amazonaws.com/sdc-restaurantproject-assets/images/strawberries-1339969__340.jpg'},{'photo_type':'food','date':'2018-12-28T15:43:46.993Z','photoURL':'https://s3-us-west-1.amazonaws.com/sdc-restaurantproject-assets/images/corn-syrup-563796__340 (1).jpg'},{'photo_type':'drink','date':'2018-12-06T02:40:26.559Z','photoURL':'https://s3-us-west-1.amazonaws.com/sdc-restaurantproject-assets/images/blur-drinks-facial-expression-821054 (1).jpg'},{'photo_type':'drink','date':'2018-10-27T14:57:21.668Z','photoURL':'https://s3-us-west-1.amazonaws.com/sdc-restaurantproject-assets/images/pancakes-2020863__340 (1).jpg'},{'photo_type':'drink','date':'2018-12-24T19:56:52.595Z','photoURL':'https://s3-us-west-1.amazonaws.com/sdc-restaurantproject-assets/images/photo-1511690656952-34342bb7c2f2.jpeg'},{'photo_type':'drink','date':'2018-10-21T10:42:22.055Z','photoURL':'https://s3-us-west-1.amazonaws.com/sdc-restaurantproject-assets/images/photo-1495461199391-8c39ab674295.jpeg'}]"
126|"sequi"|"[{'photo_type':'exterior','date':'2018-11-13T15:51:00.924Z','photoURL':'https://s3-us-west-1.amazonaws.com/sdc-restaurantproject-assets/images/piza-3010062__340.jpg'},{'photo_type':'interior','date':'2019-01-03T13:01:15.941Z','photoURL':'https://s3-us-west-1.amazonaws.com/sdc-restaurantproject-assets/images/bread-chip-close-up-62097 (1).jpg'},{'photo_type':'exterior','date':'2018-12-14T03:49:38.020Z','photoURL':'https://s3-us-west-1.amazonaws.com/sdc-restaurantproject-assets/images/hamburger-494706__340.jpg'},{'photo_type':'exterior','date':'2018-11-19T06:30:44.221Z','photoURL':'https://s3-us-west-1.amazonaws.com/sdc-restaurantproject-assets/images/coffee-1117933__340.jpg'},{'photo_type':'food','date':'2018-11-19T07:31:24.538Z','photoURL':'https://s3-us-west-1.amazonaws.com/sdc-restaurantproject-assets/images/profile-1531906474665-548787816659.png'},{'photo_type':'drink','date':'2018-10-19T04:07:04.067Z','photoURL':'https://s3-us-west-1.amazonaws.com/sdc-restaurantproject-assets/images/adult-blur-blurred-background-687824 (1).jpg'},{'photo_type':'drink','date':'2018-12-16T03:41:32.506Z','photoURL':'https://s3-us-west-1.amazonaws.com/sdc-restaurantproject-assets/images/pancakes-2139844__340.jpg'},{'photo_type':'drink','date':'2018-10-17T16:43:40.977Z','photoURL':'https://s3-us-west-1.amazonaws.com/sdc-restaurantproject-assets/images/blur-drinks-facial-expression-821054.jpg'},{'photo_type':'food','date':'2018-12-28T20:28:30.710Z','photoURL':'https://s3-us-west-1.amazonaws.com/sdc-restaurantproject-assets/images/anise-1887231__340.jpg'},{'photo_type':'food','date':'2018-11-20T00:23:22.918Z','photoURL':'https://s3-us-west-1.amazonaws.com/sdc-restaurantproject-assets/images/blur-breakfast-chef-262978 (1).jpg'},{'photo_type':'food','date':'2019-01-08T06:44:36.379Z','photoURL':'https://s3-us-west-1.amazonaws.com/sdc-restaurantproject-assets/images/blueberries-1576409__340.jpg'},{'photo_type':'drink','date':'2019-01-08T21:23:43.350Z','photoURL':'https://s3-us-west-1.amazonaws.com/sdc-restaurantproject-assets/images/strawberries-3431122__340 (1).jpg'},{'photo_type':'food','date':'2018-12-30T17:21:37.912Z','photoURL':'https://s3-us-west-1.amazonaws.com/sdc-restaurantproject-assets/images/photo-1490761668535-35497054764d.jpeg'},{'photo_type':'food','date':'2018-12-17T08:55:26.134Z','photoURL':'https://s3-us-west-1.amazonaws.com/sdc-restaurantproject-assets/images/coffee-3727673__340.jpg'},{'photo_type':'food','date':'2018-12-17T02:19:37.542Z','photoURL':'https://s3-us-west-1.amazonaws.com/sdc-restaurantproject-assets/images/photo-1520789238762-b954387e1bfd.jpeg'},{'photo_type':'food','date':'2018-12-11T17:58:09.772Z','photoURL':'https://s3-us-west-1.amazonaws.com/sdc-restaurantproject-assets/images/food-712665__340 (1).jpg'},{'photo_type':'drink','date':'2018-11-08T05:36:10.793Z','photoURL':'https://s3-us-west-1.amazonaws.com/sdc-restaurantproject-assets/images/baked-beer-cheese-724216.jpg'},{'photo_type':'food','date':'2018-11-01T02:21:06.943Z','photoURL':'https://s3-us-west-1.amazonaws.com/sdc-restaurantproject-assets/images/abstract-art-cooking-262896 (1).jpg'},{'photo_type':'food','date':'2018-11-03T13:05:44.735Z','photoURL':'https://s3-us-west-1.amazonaws.com/sdc-restaurantproject-assets/images/profile-1483202785840-e45051bce47a.jpeg'},{'photo_type':'food','date':'2018-12-21T04:32:51.804Z','photoURL':'https://s3-us-west-1.amazonaws.com/sdc-restaurantproject-assets/images/adult-alcoholic-beverages-bar-1267696 (1).jpg'}]"
127|"aut"|"[{'photo_type':'interior','date':'2018-11-19T03:50:44.971Z','photoURL':'https://s3-us-west-1.amazonaws.com/sdc-restaurantproject-assets/images/after-business-hours-architecture-bar-34650 (1).jpg'},{'photo_type':'exterior','date':'2019-01-12T09:35:15.266Z','photoURL':'https://s3-us-west-1.amazonaws.com/sdc-restaurantproject-assets/images/food-1932466__340.jpg'},{'photo_type':'exterior','date':'2018-12-27T11:54:33.597Z','photoURL':'https://s3-us-west-1.amazonaws.com/sdc-restaurantproject-assets/images/rice-1807554__340 (1).jpg'},{'photo_type':'exterior','date':'2018-12-09T08:03:10.977Z','photoURL':'https://s3-us-west-1.amazonaws.com/sdc-restaurantproject-assets/images/chair-cutlery-diner-941861 (1).jpg'},{'photo_type':'drink','date':'2018-12-19T11:34:31.876Z','photoURL':'https://s3-us-west-1.amazonaws.com/sdc-restaurantproject-assets/images/cupcakes-690040__340 (1).jpg'},{'photo_type':'food','date':'2018-11-24T23:58:31.901Z','photoURL':'https://s3-us-west-1.amazonaws.com/sdc-restaurantproject-assets/images/profile-1523597272649-25638cfe223f.png'},{'photo_type':'food','date':'2019-01-10T17:38:03.496Z','photoURL':'https://s3-us-west-1.amazonaws.com/sdc-restaurantproject-assets/images/apple-1122537__340.jpg'},{'photo_type':'food','date':'2018-12-30T12:18:03.816Z','photoURL':'https://s3-us-west-1.amazonaws.com/sdc-restaurantproject-assets/images/photo-1527515862127-a4fc05baf7a5.jpeg'},{'photo_type':'food','date':'2018-12-24T16:06:31.085Z','photoURL':'https://s3-us-west-1.amazonaws.com/sdc-restaurantproject-assets/images/coffee-beans-2258839__340.jpg'},{'photo_type':'drink','date':'2018-11-05T18:36:22.077Z','photoURL':'https://s3-us-west-1.amazonaws.com/sdc-restaurantproject-assets/images/carrots-673184__340.jpg'},{'photo_type':'drink','date':'2018-11-02T10:13:03.359Z','photoURL':'https://s3-us-west-1.amazonaws.com/sdc-restaurantproject-assets/images/photo-1528605248644-14dd04022da1.jpeg'},{'photo_type':'drink','date':'2018-11-08T22:05:47.859Z','photoURL':'https://s3-us-west-1.amazonaws.com/sdc-restaurantproject-assets/images/breakfast-caffeine-coffee-1528013.jpg'},{'photo_type':'drink','date':'2019-01-08T17:10:55.901Z','photoURL':'https://s3-us-west-1.amazonaws.com/sdc-restaurantproject-assets/images/bar-city-commerce-1058277 (1).jpg'},{'photo_type':'drink','date':'2018-11-19T23:34:04.610Z','photoURL':'https://s3-us-west-1.amazonaws.com/sdc-restaurantproject-assets/images/pizza-2068272__340.jpg'},{'photo_type':'food','date':'2018-12-22T03:03:11.132Z','photoURL':'https://s3-us-west-1.amazonaws.com/sdc-restaurantproject-assets/images/coffee-cup-768775__340.jpg'},{'photo_type':'food','date':'2018-12-19T05:37:23.796Z','photoURL':'https://s3-us-west-1.amazonaws.com/sdc-restaurantproject-assets/images/mushroom-389421__340 (1).jpg'},{'photo_type':'food','date':'2018-12-13T15:02:07.622Z','photoURL':'https://s3-us-west-1.amazonaws.com/sdc-restaurantproject-assets/images/waffle-heart-2697904__340.jpg'},{'photo_type':'drink','date':'2018-12-26T18:52:09.527Z','photoURL':'https://s3-us-west-1.amazonaws.com/sdc-restaurantproject-assets/images/food-1239423__340 (1).jpg'},{'photo_type':'food','date':'2018-11-20T20:46:06.949Z','photoURL':'https://s3-us-west-1.amazonaws.com/sdc-restaurantproject-assets/images/blur-close-up-cutlery-735869.jpg'}]"
128|"sit"|"[{'photo_type':'exterior','date':'2018-12-22T04:11:21.636Z','photoURL':'https://s3-us-west-1.amazonaws.com/sdc-restaurantproject-assets/images/photo-1511688878353-3a2f5be94cd7.jpeg'},{'photo_type':'interior','date':'2018-12-24T18:43:52.221Z','photoURL':'https://s3-us-west-1.amazonaws.com/sdc-restaurantproject-assets/images/blur-bokeh-close-up-225228 (1).jpg'},{'photo_type':'exterior','date':'2018-11-10T16:01:59.320Z','photoURL':'https://s3-us-west-1.amazonaws.com/sdc-restaurantproject-assets/images/photo-1543363136-3fdb62e11be5.jpeg'},{'photo_type':'interior','date':'2018-11-20T08:39:15.462Z','photoURL':'https://s3-us-west-1.amazonaws.com/sdc-restaurantproject-assets/images/drinks-2578446__340.jpg'},{'photo_type':'drink','date':'2018-11-20T01:30:53.326Z','photoURL':'https://s3-us-west-1.amazonaws.com/sdc-restaurantproject-assets/images/raspberries-422979__340.jpg'},{'photo_type':'food','date':'2018-11-05T19:11:43.824Z','photoURL':'https://s3-us-west-1.amazonaws.com/sdc-restaurantproject-assets/images/restaurant-691397__340.jpg'},{'photo_type':'food','date':'2019-01-02T12:20:27.153Z','photoURL':'https://s3-us-west-1.amazonaws.com/sdc-restaurantproject-assets/images/coffee-1117933__340.jpg'},{'photo_type':'food','date':'2018-12-17T00:04:31.864Z','photoURL':'https://s3-us-west-1.amazonaws.com/sdc-restaurantproject-assets/images/coffee-839233__340.jpg'},{'photo_type':'drink','date':'2018-11-18T16:42:34.486Z','photoURL':'https://s3-us-west-1.amazonaws.com/sdc-restaurantproject-assets/images/vegetables-2924245__340 (1).jpg'},{'photo_type':'food','date':'2018-11-10T16:00:59.315Z','photoURL':'https://s3-us-west-1.amazonaws.com/sdc-restaurantproject-assets/images/ice-cream-cone-1274894__340 (1).jpg'},{'photo_type':'drink','date':'2018-10-21T16:08:12.072Z','photoURL':'https://s3-us-west-1.amazonaws.com/sdc-restaurantproject-assets/images/olive-oil-968657__340 (1).jpg'},{'photo_type':'drink','date':'2018-11-12T07:22:58.388Z','photoURL':'https://s3-us-west-1.amazonaws.com/sdc-restaurantproject-assets/images/strawberries-3431122__340 (1).jpg'},{'photo_type':'drink','date':'2018-12-04T14:20:05.856Z','photoURL':'https://s3-us-west-1.amazonaws.com/sdc-restaurantproject-assets/images/photo-1481931098730-318b6f776db0.jpeg'},{'photo_type':'drink','date':'2018-11-09T05:06:16.667Z','photoURL':'https://s3-us-west-1.amazonaws.com/sdc-restaurantproject-assets/images/salmon-1238248__340.jpg'},{'photo_type':'drink','date':'2018-10-21T19:17:46.515Z','photoURL':'https://s3-us-west-1.amazonaws.com/sdc-restaurantproject-assets/images/profile-1520775454562-c8b70efe99d7.jpeg'},{'photo_type':'drink','date':'2018-12-08T15:00:31.860Z','photoURL':'https://s3-us-west-1.amazonaws.com/sdc-restaurantproject-assets/images/architecture-bar-business-791810.jpg'},{'photo_type':'drink','date':'2018-12-08T00:05:32.069Z','photoURL':'https://s3-us-west-1.amazonaws.com/sdc-restaurantproject-assets/images/apple-1122537__340 (1).jpg'},{'photo_type':'drink','date':'2019-01-12T06:15:55.547Z','photoURL':'https://s3-us-west-1.amazonaws.com/sdc-restaurantproject-assets/images/girl-1064667__340.jpg'},{'photo_type':'food','date':'2019-01-05T10:47:28.887Z','photoURL':'https://s3-us-west-1.amazonaws.com/sdc-restaurantproject-assets/images/photo-1504185945330-7a3ca1380535.jpeg'},{'photo_type':'drink','date':'2018-12-31T16:07:41.463Z','photoURL':'https://s3-us-west-1.amazonaws.com/sdc-restaurantproject-assets/images/bowl-chairs-cooking-262918.jpg'},{'photo_type':'food','date':'2018-12-24T19:56:45.574Z','photoURL':'https://s3-us-west-1.amazonaws.com/sdc-restaurantproject-assets/images/bread-breakfast-coffee-374052 (1).jpg'},{'photo_type':'food','date':'2018-11-07T00:43:02.725Z','photoURL':'https://s3-us-west-1.amazonaws.com/sdc-restaurantproject-assets/images/after-business-hours-architecture-bar-34650 (1).jpg'},{'photo_type':'drink','date':'2018-11-18T11:39:27.505Z','photoURL':'https://s3-us-west-1.amazonaws.com/sdc-restaurantproject-assets/images/photo-1511690743698-d9d85f2fbf38.jpeg'},{'photo_type':'drink','date':'2018-11-28T10:37:07.757Z','photoURL':'https://s3-us-west-1.amazonaws.com/sdc-restaurantproject-assets/images/catering-179046__340.jpg'}]"
129|"ut"|"[{'photo_type':'interior','date':'2018-11-04T12:04:31.937Z','photoURL':'https://s3-us-west-1.amazonaws.com/sdc-restaurantproject-assets/images/soup-918422__340.jpg'},{'photo_type':'interior','date':'2018-12-15T12:10:02.223Z','photoURL':'https://s3-us-west-1.amazonaws.com/sdc-restaurantproject-assets/images/brandy-2060499__340.jpg'},{'photo_type':'interior','date':'2019-01-11T21:26:56.971Z','photoURL':'https://s3-us-west-1.amazonaws.com/sdc-restaurantproject-assets/images/grapes-690230__340.jpg'},{'photo_type':'exterior','date':'2018-11-16T10:43:13.487Z','photoURL':'https://s3-us-west-1.amazonaws.com/sdc-restaurantproject-assets/images/photo-1500315331616-db4f707c24d1.jpeg'},{'photo_type':'drink','date':'2018-10-22T06:00:09.651Z','photoURL':'https://s3-us-west-1.amazonaws.com/sdc-restaurantproject-assets/images/tangerines-1721590__340 (1).jpg'},{'photo_type':'food','date':'2018-10-26T19:44:09.054Z','photoURL':'https://s3-us-west-1.amazonaws.com/sdc-restaurantproject-assets/images/profile-1508107410047-a34950174b6b.jpeg'},{'photo_type':'drink','date':'2018-12-26T23:58:54.408Z','photoURL':'https://s3-us-west-1.amazonaws.com/sdc-restaurantproject-assets/images/pasta-794464__340 (1).jpg'},{'photo_type':'food','date':'2019-01-07T06:29:45.373Z','photoURL':'https://s3-us-west-1.amazonaws.com/sdc-restaurantproject-assets/images/coffee-917613__340.jpg'},{'photo_type':'drink','date':'2019-01-03T04:51:09.936Z','photoURL':'https://s3-us-west-1.amazonaws.com/sdc-restaurantproject-assets/images/girl-1064664__340.jpg'},{'photo_type':'drink','date':'2018-12-18T16:49:29.329Z','photoURL':'https://s3-us-west-1.amazonaws.com/sdc-restaurantproject-assets/images/hamburger-1238246__340.jpg'},{'photo_type':'food','date':'2018-12-22T02:20:04.326Z','photoURL':'https://s3-us-west-1.amazonaws.com/sdc-restaurantproject-assets/images/photo-1514995428455-447d4443fa7f.jpeg'}]"
130|"autem"|"[{'photo_type':'interior','date':'2018-12-13T03:33:36.421Z','photoURL':'https://s3-us-west-1.amazonaws.com/sdc-restaurantproject-assets/images/raspberries-1426859__340.jpg'},{'photo_type':'exterior','date':'2018-11-23T15:09:34.297Z','photoURL':'https://s3-us-west-1.amazonaws.com/sdc-restaurantproject-assets/images/spaghetti-863304__340.jpg'},{'photo_type':'exterior','date':'2018-10-30T11:50:54.871Z','photoURL':'https://s3-us-west-1.amazonaws.com/sdc-restaurantproject-assets/images/profile-1520775454562-c8b70efe99d7.jpeg'},{'photo_type':'interior','date':'2018-11-21T12:05:16.383Z','photoURL':'https://s3-us-west-1.amazonaws.com/sdc-restaurantproject-assets/images/profile-1459287533944-b51141fea402.jpeg'},{'photo_type':'drink','date':'2018-10-29T15:59:39.000Z','photoURL':'https://s3-us-west-1.amazonaws.com/sdc-restaurantproject-assets/images/waffle-heart-2697904__340 (1).jpg'},{'photo_type':'drink','date':'2018-11-10T23:54:06.284Z','photoURL':'https://s3-us-west-1.amazonaws.com/sdc-restaurantproject-assets/images/cooking-cuisine-delicious-958545.jpg'},{'photo_type':'drink','date':'2018-12-04T09:24:28.105Z','photoURL':'https://s3-us-west-1.amazonaws.com/sdc-restaurantproject-assets/images/photo-1543364195-bfe6e4932397.jpeg'},{'photo_type':'drink','date':'2018-11-22T03:59:49.915Z','photoURL':'https://s3-us-west-1.amazonaws.com/sdc-restaurantproject-assets/images/food-1050813__340 (2).jpg'},{'photo_type':'drink','date':'2018-11-12T11:13:14.466Z','photoURL':'https://s3-us-west-1.amazonaws.com/sdc-restaurantproject-assets/images/adult-blur-blurred-background-687824 (1).jpg'},{'photo_type':'food','date':'2018-12-06T13:02:07.531Z','photoURL':'https://s3-us-west-1.amazonaws.com/sdc-restaurantproject-assets/images/apple-1873078__340.jpg'},{'photo_type':'drink','date':'2018-11-17T07:06:34.444Z','photoURL':'https://s3-us-west-1.amazonaws.com/sdc-restaurantproject-assets/images/pancakes-2139844__340.jpg'},{'photo_type':'food','date':'2018-12-19T00:17:59.414Z','photoURL':'https://s3-us-west-1.amazonaws.com/sdc-restaurantproject-assets/images/bar-cafe-chairs-1307698 (1).jpg'},{'photo_type':'drink','date':'2018-12-27T21:18:39.059Z','photoURL':'https://s3-us-west-1.amazonaws.com/sdc-restaurantproject-assets/images/blueberries-1576409__340.jpg'},{'photo_type':'drink','date':'2018-12-22T07:11:18.774Z','photoURL':'https://s3-us-west-1.amazonaws.com/sdc-restaurantproject-assets/images/240_F_192062080_pG9vJqltj09ZGQhuHT33kBr8tJt42a4h (1).jpg'},{'photo_type':'drink','date':'2018-12-14T20:56:51.310Z','photoURL':'https://s3-us-west-1.amazonaws.com/sdc-restaurantproject-assets/images/barbecue-1239434__340.jpg'},{'photo_type':'food','date':'2018-10-18T00:57:28.183Z','photoURL':'https://s3-us-west-1.amazonaws.com/sdc-restaurantproject-assets/images/blue-1326154__340 (1).jpg'},{'photo_type':'food','date':'2018-10-18T15:40:28.632Z','photoURL':'https://s3-us-west-1.amazonaws.com/sdc-restaurantproject-assets/images/catering-celebrate-chocolate-697057 (1).jpg'},{'photo_type':'food','date':'2018-12-16T03:47:54.253Z','photoURL':'https://s3-us-west-1.amazonaws.com/sdc-restaurantproject-assets/images/blur-breakfast-catering-306059.jpg'},{'photo_type':'food','date':'2018-12-29T18:43:49.331Z','photoURL':'https://s3-us-west-1.amazonaws.com/sdc-restaurantproject-assets/images/240_F_82912936_VKERwIHOojNPjQLXfdeBPrqCIy3q1GHM.jpg'},{'photo_type':'drink','date':'2018-11-10T16:35:40.145Z','photoURL':'https://s3-us-west-1.amazonaws.com/sdc-restaurantproject-assets/images/blueberries-1576409__340.jpg'}]"
131|"harum"|"[{'photo_type':'exterior','date':'2018-10-25T03:28:59.741Z','photoURL':'https://s3-us-west-1.amazonaws.com/sdc-restaurantproject-assets/images/raspberries-1426859__340.jpg'},{'photo_type':'interior','date':'2018-12-02T21:31:21.030Z','photoURL':'https://s3-us-west-1.amazonaws.com/sdc-restaurantproject-assets/images/soup-918422__340.jpg'},{'photo_type':'interior','date':'2018-11-27T04:47:12.949Z','photoURL':'https://s3-us-west-1.amazonaws.com/sdc-restaurantproject-assets/images/profile-fb-1470004398-6ce3a988eca4.jpg'},{'photo_type':'interior','date':'2018-11-10T16:55:50.964Z','photoURL':'https://s3-us-west-1.amazonaws.com/sdc-restaurantproject-assets/images/photo-1476224203421-9ac39bcb3327.jpeg'},{'photo_type':'drink','date':'2018-10-29T17:20:25.785Z','photoURL':'https://s3-us-west-1.amazonaws.com/sdc-restaurantproject-assets/images/profile-1497052040005-b6a3f06f2ba8.jpeg'},{'photo_type':'food','date':'2018-11-16T09:19:52.142Z','photoURL':'https://s3-us-west-1.amazonaws.com/sdc-restaurantproject-assets/images/fruit-2200001__340 (1).jpg'},{'photo_type':'drink','date':'2018-11-26T08:50:39.749Z','photoURL':'https://s3-us-west-1.amazonaws.com/sdc-restaurantproject-assets/images/adult-bar-blur-696218.jpg'},{'photo_type':'food','date':'2018-10-17T19:05:49.208Z','photoURL':'https://s3-us-west-1.amazonaws.com/sdc-restaurantproject-assets/images/photo-1503146234394-631200675614.jpeg'},{'photo_type':'food','date':'2018-12-17T05:09:15.487Z','photoURL':'https://s3-us-west-1.amazonaws.com/sdc-restaurantproject-assets/images/photo-1481931715705-36f5f79f1f3d.jpeg'},{'photo_type':'drink','date':'2018-11-18T06:45:54.053Z','photoURL':'https://s3-us-west-1.amazonaws.com/sdc-restaurantproject-assets/images/food-1932466__340 (1).jpg'},{'photo_type':'drink','date':'2019-01-10T14:32:03.796Z','photoURL':'https://s3-us-west-1.amazonaws.com/sdc-restaurantproject-assets/images/teapots-1858601__340.jpg'},{'photo_type':'food','date':'2019-01-03T13:39:33.202Z','photoURL':'https://s3-us-west-1.amazonaws.com/sdc-restaurantproject-assets/images/salmon-1238248__340.jpg'},{'photo_type':'food','date':'2018-11-10T13:26:48.488Z','photoURL':'https://s3-us-west-1.amazonaws.com/sdc-restaurantproject-assets/images/chairs-dining-room-dinner-460537.jpg'},{'photo_type':'drink','date':'2018-11-21T20:55:00.672Z','photoURL':'https://s3-us-west-1.amazonaws.com/sdc-restaurantproject-assets/images/bar-918541__340.jpg'},{'photo_type':'drink','date':'2018-12-26T12:01:02.962Z','photoURL':'https://s3-us-west-1.amazonaws.com/sdc-restaurantproject-assets/images/photo-1498588747262-0f2241707d13.jpeg'},{'photo_type':'drink','date':'2018-11-10T07:15:26.391Z','photoURL':'https://s3-us-west-1.amazonaws.com/sdc-restaurantproject-assets/images/bar-city-commerce-1058277 (1).jpg'},{'photo_type':'drink','date':'2018-11-29T02:15:27.743Z','photoURL':'https://s3-us-west-1.amazonaws.com/sdc-restaurantproject-assets/images/waffles-2190961__340.jpg'}]"
132|"qui"|"[{'photo_type':'exterior','date':'2018-11-17T08:15:13.158Z','photoURL':'https://s3-us-west-1.amazonaws.com/sdc-restaurantproject-assets/images/candy-1961536__340 (1).jpg'},{'photo_type':'exterior','date':'2018-11-16T06:37:35.543Z','photoURL':'https://s3-us-west-1.amazonaws.com/sdc-restaurantproject-assets/images/restaurant-690975__340.jpg'},{'photo_type':'exterior','date':'2018-12-21T09:02:09.100Z','photoURL':'https://s3-us-west-1.amazonaws.com/sdc-restaurantproject-assets/images/knife-1088529__340.png'},{'photo_type':'interior','date':'2018-12-02T21:11:02.192Z','photoURL':'https://s3-us-west-1.amazonaws.com/sdc-restaurantproject-assets/images/photo-1478145046317-39f10e56b5e9.jpeg'},{'photo_type':'food','date':'2018-11-06T06:41:15.016Z','photoURL':'https://s3-us-west-1.amazonaws.com/sdc-restaurantproject-assets/images/photo-1490474418585-ba9bad8fd0ea.jpeg'},{'photo_type':'drink','date':'2018-11-05T14:45:53.217Z','photoURL':'https://s3-us-west-1.amazonaws.com/sdc-restaurantproject-assets/images/photo-1536184071535-78906f7172c2.jpeg'},{'photo_type':'drink','date':'2018-11-22T11:27:09.284Z','photoURL':'https://s3-us-west-1.amazonaws.com/sdc-restaurantproject-assets/images/tomatoes-320860__340 (1).jpg'},{'photo_type':'food','date':'2018-11-13T22:55:57.287Z','photoURL':'https://s3-us-west-1.amazonaws.com/sdc-restaurantproject-assets/images/photo-1489518488680-f9f6c2be8ff5.jpeg'},{'photo_type':'food','date':'2018-11-08T03:39:39.428Z','photoURL':'https://s3-us-west-1.amazonaws.com/sdc-restaurantproject-assets/images/food-1932466__340.jpg'},{'photo_type':'food','date':'2019-01-08T04:00:26.439Z','photoURL':'https://s3-us-west-1.amazonaws.com/sdc-restaurantproject-assets/images/fruit-2200001__340.jpg'},{'photo_type':'drink','date':'2018-11-19T19:42:38.621Z','photoURL':'https://s3-us-west-1.amazonaws.com/sdc-restaurantproject-assets/images/salad-2756467__340.jpg'}]"
133|"natus"|"[{'photo_type':'interior','date':'2018-10-22T13:21:05.721Z','photoURL':'https://s3-us-west-1.amazonaws.com/sdc-restaurantproject-assets/images/woman-3083379__340.jpg'},{'photo_type':'exterior','date':'2018-10-29T09:34:49.669Z','photoURL':'https://s3-us-west-1.amazonaws.com/sdc-restaurantproject-assets/images/photo-1530114722439-f5cbd4dad762.jpeg'},{'photo_type':'exterior','date':'2018-12-03T08:39:12.394Z','photoURL':'https://s3-us-west-1.amazonaws.com/sdc-restaurantproject-assets/images/baked-beer-cheese-724216 (1).jpg'},{'photo_type':'exterior','date':'2019-01-04T19:06:32.747Z','photoURL':'https://s3-us-west-1.amazonaws.com/sdc-restaurantproject-assets/images/adult-affection-beard-842546.jpg'},{'photo_type':'food','date':'2018-11-05T19:08:37.373Z','photoURL':'https://s3-us-west-1.amazonaws.com/sdc-restaurantproject-assets/images/blur-drinks-facial-expression-821054.jpg'},{'photo_type':'drink','date':'2018-11-09T00:50:14.988Z','photoURL':'https://s3-us-west-1.amazonaws.com/sdc-restaurantproject-assets/images/bar-city-commerce-1058277 (1).jpg'},{'photo_type':'drink','date':'2018-12-05T17:25:01.809Z','photoURL':'https://s3-us-west-1.amazonaws.com/sdc-restaurantproject-assets/images/profile-1529693501722-6844bd115ca6.jpeg'},{'photo_type':'food','date':'2018-11-05T18:51:23.029Z','photoURL':'https://s3-us-west-1.amazonaws.com/sdc-restaurantproject-assets/images/slice-of-lemon-2135548__340 (1).jpg'},{'photo_type':'food','date':'2018-10-28T07:03:11.670Z','photoURL':'https://s3-us-west-1.amazonaws.com/sdc-restaurantproject-assets/images/profile-1537542341943-a0fd93d43dc9.jpeg'},{'photo_type':'food','date':'2018-11-13T17:59:44.088Z','photoURL':'https://s3-us-west-1.amazonaws.com/sdc-restaurantproject-assets/images/photo-1503146234394-631200675614.jpeg'},{'photo_type':'food','date':'2018-11-27T04:17:40.461Z','photoURL':'https://s3-us-west-1.amazonaws.com/sdc-restaurantproject-assets/images/food-1898194__340 (1).jpg'},{'photo_type':'drink','date':'2018-11-25T07:21:28.876Z','photoURL':'https://s3-us-west-1.amazonaws.com/sdc-restaurantproject-assets/images/orange-1995056__340.jpg'},{'photo_type':'food','date':'2018-10-28T20:15:05.900Z','photoURL':'https://s3-us-west-1.amazonaws.com/sdc-restaurantproject-assets/images/profile-1471208332021-d1dbaaba4a34.jpeg'},{'photo_type':'food','date':'2018-11-11T15:31:58.500Z','photoURL':'https://s3-us-west-1.amazonaws.com/sdc-restaurantproject-assets/images/photo-1531160038068-e8e80b3318c2.jpeg'},{'photo_type':'food','date':'2018-12-25T08:24:16.852Z','photoURL':'https://s3-us-west-1.amazonaws.com/sdc-restaurantproject-assets/images/bracelets-camera-cellphone-744780.jpg'},{'photo_type':'food','date':'2018-11-04T23:53:01.463Z','photoURL':'https://s3-us-west-1.amazonaws.com/sdc-restaurantproject-assets/images/coffee-917613__340.jpg'},{'photo_type':'food','date':'2018-12-15T04:53:31.779Z','photoURL':'https://s3-us-west-1.amazonaws.com/sdc-restaurantproject-assets/images/photo-1504855328839-2f4baf9e0fd7.jpeg'}]"
134|"reiciendis"|"[{'photo_type':'exterior','date':'2018-10-17T01:41:46.554Z','photoURL':'https://s3-us-west-1.amazonaws.com/sdc-restaurantproject-assets/images/garlic-139659__340.jpg'},{'photo_type':'interior','date':'2018-12-08T16:18:21.251Z','photoURL':'https://s3-us-west-1.amazonaws.com/sdc-restaurantproject-assets/images/cook-366875__340 (2).jpg'},{'photo_type':'exterior','date':'2019-01-11T09:45:53.496Z','photoURL':'https://s3-us-west-1.amazonaws.com/sdc-restaurantproject-assets/images/piza-3010062__340 (1).jpg'},{'photo_type':'exterior','date':'2019-01-04T06:01:19.913Z','photoURL':'https://s3-us-west-1.amazonaws.com/sdc-restaurantproject-assets/images/photo-1543363364-98d2b51b47fb.jpeg'},{'photo_type':'drink','date':'2018-10-24T03:16:38.336Z','photoURL':'https://s3-us-west-1.amazonaws.com/sdc-restaurantproject-assets/images/strawberry-2960533__340 (1).jpg'},{'photo_type':'food','date':'2018-12-05T18:31:11.019Z','photoURL':'https://s3-us-west-1.amazonaws.com/sdc-restaurantproject-assets/images/photo-1505935428862-770b6f24f629.jpeg'},{'photo_type':'drink','date':'2018-11-09T16:12:05.274Z','photoURL':'https://s3-us-west-1.amazonaws.com/sdc-restaurantproject-assets/images/baked-goods-1867459__340.jpg'},{'photo_type':'food','date':'2018-12-21T17:44:42.340Z','photoURL':'https://s3-us-west-1.amazonaws.com/sdc-restaurantproject-assets/images/photo-1428660386617-8d277e7deaf2.jpeg'},{'photo_type':'food','date':'2019-01-01T15:09:56.489Z','photoURL':'https://s3-us-west-1.amazonaws.com/sdc-restaurantproject-assets/images/profile-fb-1470004398-6ce3a988eca4.jpg'},{'photo_type':'food','date':'2018-10-20T05:32:12.985Z','photoURL':'https://s3-us-west-1.amazonaws.com/sdc-restaurantproject-assets/images/profile-1505574363474-d5961b7cd445.jpeg'},{'photo_type':'drink','date':'2018-10-30T12:24:16.842Z','photoURL':'https://s3-us-west-1.amazonaws.com/sdc-restaurantproject-assets/images/240_F_82912936_VKERwIHOojNPjQLXfdeBPrqCIy3q1GHM.jpg'},{'photo_type':'food','date':'2018-10-25T01:35:09.829Z','photoURL':'https://s3-us-west-1.amazonaws.com/sdc-restaurantproject-assets/images/brick-wall-1834784__340.jpg'},{'photo_type':'drink','date':'2018-12-16T11:19:19.971Z','photoURL':'https://s3-us-west-1.amazonaws.com/sdc-restaurantproject-assets/images/photo-1460306855393-0410f61241c7.jpeg'},{'photo_type':'drink','date':'2018-12-29T11:00:28.942Z','photoURL':'https://s3-us-west-1.amazonaws.com/sdc-restaurantproject-assets/images/ipad-632394__340.jpg'},{'photo_type':'drink','date':'2019-01-14T01:36:53.072Z','photoURL':'https://s3-us-west-1.amazonaws.com/sdc-restaurantproject-assets/images/photo-1504855328839-2f4baf9e0fd7.jpeg'},{'photo_type':'drink','date':'2019-01-10T13:01:29.762Z','photoURL':'https://s3-us-west-1.amazonaws.com/sdc-restaurantproject-assets/images/blueberries-1576409__340 (1).jpg'},{'photo_type':'food','date':'2018-10-25T10:34:41.482Z','photoURL':'https://s3-us-west-1.amazonaws.com/sdc-restaurantproject-assets/images/photo-1503146234394-631200675614.jpeg'},{'photo_type':'food','date':'2018-11-18T09:02:01.869Z','photoURL':'https://s3-us-west-1.amazonaws.com/sdc-restaurantproject-assets/images/adult-afternoon-architecture-1581554.jpg'},{'photo_type':'food','date':'2018-11-17T07:44:49.565Z','photoURL':'https://s3-us-west-1.amazonaws.com/sdc-restaurantproject-assets/images/photo-1473093295043-cdd812d0e601.jpeg'},{'photo_type':'drink','date':'2018-10-17T22:58:13.611Z','photoURL':'https://s3-us-west-1.amazonaws.com/sdc-restaurantproject-assets/images/friends-all-together-restaurant-having-260nw-566567086.jpg'},{'photo_type':'food','date':'2018-12-11T15:32:42.297Z','photoURL':'https://s3-us-west-1.amazonaws.com/sdc-restaurantproject-assets/images/food-712665__340 (2).jpg'},{'photo_type':'food','date':'2018-10-30T11:42:26.600Z','photoURL':'https://s3-us-west-1.amazonaws.com/sdc-restaurantproject-assets/images/profile-1490323661174-682bfb6ce36d.jpeg'},{'photo_type':'drink','date':'2018-11-15T16:42:08.440Z','photoURL':'https://s3-us-west-1.amazonaws.com/sdc-restaurantproject-assets/images/photo-1488900128323-21503983a07e.jpeg'},{'photo_type':'food','date':'2019-01-06T14:22:48.428Z','photoURL':'https://s3-us-west-1.amazonaws.com/sdc-restaurantproject-assets/images/drinks-2578446__340.jpg'}]"
135|"et"|"[{'photo_type':'exterior','date':'2018-11-07T07:06:13.123Z','photoURL':'https://s3-us-west-1.amazonaws.com/sdc-restaurantproject-assets/images/photo-1466637574441-749b8f19452f.jpeg'},{'photo_type':'interior','date':'2018-12-10T22:13:24.636Z','photoURL':'https://s3-us-west-1.amazonaws.com/sdc-restaurantproject-assets/images/alcohol-architecture-bar-260922.jpg'},{'photo_type':'interior','date':'2018-11-19T08:45:19.453Z','photoURL':'https://s3-us-west-1.amazonaws.com/sdc-restaurantproject-assets/images/glasses-11937__340.jpg'},{'photo_type':'interior','date':'2018-12-16T02:15:35.134Z','photoURL':'https://s3-us-west-1.amazonaws.com/sdc-restaurantproject-assets/images/shish-kebab-417994__340 (1).jpg'},{'photo_type':'drink','date':'2018-12-09T21:52:11.129Z','photoURL':'https://s3-us-west-1.amazonaws.com/sdc-restaurantproject-assets/images/raspberry-2023404__340 (1).jpg'},{'photo_type':'drink','date':'2018-11-22T18:24:07.204Z','photoURL':'https://s3-us-west-1.amazonaws.com/sdc-restaurantproject-assets/images/photo-1473093226795-af9932fe5856.jpeg'},{'photo_type':'food','date':'2018-11-20T02:47:37.635Z','photoURL':'https://s3-us-west-1.amazonaws.com/sdc-restaurantproject-assets/images/after-business-hours-architecture-bar-34650 (1).jpg'},{'photo_type':'food','date':'2019-01-02T21:39:09.091Z','photoURL':'https://s3-us-west-1.amazonaws.com/sdc-restaurantproject-assets/images/cuisine-2248567__340.jpg'},{'photo_type':'drink','date':'2018-10-30T19:18:31.918Z','photoURL':'https://s3-us-west-1.amazonaws.com/sdc-restaurantproject-assets/images/blur-breakfast-catering-306059.jpg'},{'photo_type':'food','date':'2018-10-24T17:52:26.041Z','photoURL':'https://s3-us-west-1.amazonaws.com/sdc-restaurantproject-assets/images/rice-1807554__340.jpg'},{'photo_type':'food','date':'2018-12-27T11:25:12.979Z','photoURL':'https://s3-us-west-1.amazonaws.com/sdc-restaurantproject-assets/images/photo-1490474418585-ba9bad8fd0ea.jpeg'},{'photo_type':'drink','date':'2018-11-03T09:49:07.724Z','photoURL':'https://s3-us-west-1.amazonaws.com/sdc-restaurantproject-assets/images/profile-1471208332021-d1dbaaba4a34.jpeg'},{'photo_type':'drink','date':'2018-11-20T02:58:39.898Z','photoURL':'https://s3-us-west-1.amazonaws.com/sdc-restaurantproject-assets/images/bar-918541__340.jpg'},{'photo_type':'food','date':'2018-12-22T09:39:39.429Z','photoURL':'https://s3-us-west-1.amazonaws.com/sdc-restaurantproject-assets/images/baked-baking-chef-784633.jpg'},{'photo_type':'food','date':'2018-10-22T16:12:02.195Z','photoURL':'https://s3-us-west-1.amazonaws.com/sdc-restaurantproject-assets/images/photo-1511690656952-34342bb7c2f2.jpeg'},{'photo_type':'food','date':'2018-12-02T12:19:21.739Z','photoURL':'https://s3-us-west-1.amazonaws.com/sdc-restaurantproject-assets/images/top-view-1248955__340.jpg'},{'photo_type':'drink','date':'2018-11-18T13:44:25.916Z','photoURL':'https://s3-us-west-1.amazonaws.com/sdc-restaurantproject-assets/images/girl-1848478__340.jpg'},{'photo_type':'drink','date':'2018-11-07T11:28:01.001Z','photoURL':'https://s3-us-west-1.amazonaws.com/sdc-restaurantproject-assets/images/woman-3083375__340.jpg'},{'photo_type':'food','date':'2018-10-23T22:21:32.775Z','photoURL':'https://s3-us-west-1.amazonaws.com/sdc-restaurantproject-assets/images/chairs-coffee-shop-drinking-glasses-67468 (1).jpg'},{'photo_type':'drink','date':'2019-01-13T15:31:00.547Z','photoURL':'https://s3-us-west-1.amazonaws.com/sdc-restaurantproject-assets/images/pancakes-2139844__340 (1).jpg'},{'photo_type':'drink','date':'2018-12-26T20:43:34.144Z','photoURL':'https://s3-us-west-1.amazonaws.com/sdc-restaurantproject-assets/images/profile-1476455947765-0e941939a169.jpeg'},{'photo_type':'drink','date':'2018-12-08T06:14:14.500Z','photoURL':'https://s3-us-west-1.amazonaws.com/sdc-restaurantproject-assets/images/photo-1527224538127-2104bb71c51b.jpeg'},{'photo_type':'food','date':'2018-12-17T12:44:04.101Z','photoURL':'https://s3-us-west-1.amazonaws.com/sdc-restaurantproject-assets/images/slice-of-lemon-2135548__340.jpg'},{'photo_type':'drink','date':'2018-11-19T21:46:46.708Z','photoURL':'https://s3-us-west-1.amazonaws.com/sdc-restaurantproject-assets/images/bread-breakfast-coffee-374052.jpg'}]"
136|"harum"|"[{'photo_type':'interior','date':'2018-11-19T05:15:41.898Z','photoURL':'https://s3-us-west-1.amazonaws.com/sdc-restaurantproject-assets/images/profile-1508107410047-a34950174b6b.jpeg'},{'photo_type':'exterior','date':'2019-01-07T21:49:26.958Z','photoURL':'https://s3-us-west-1.amazonaws.com/sdc-restaurantproject-assets/images/photo-1506354666786-959d6d497f1a.jpeg'},{'photo_type':'interior','date':'2018-11-13T12:46:04.125Z','photoURL':'https://s3-us-west-1.amazonaws.com/sdc-restaurantproject-assets/images/adult-affection-beard-842546 (1).jpg'},{'photo_type':'exterior','date':'2018-12-10T14:50:06.708Z','photoURL':'https://s3-us-west-1.amazonaws.com/sdc-restaurantproject-assets/images/food-1932466__340 (1).jpg'},{'photo_type':'food','date':'2018-12-30T05:44:00.564Z','photoURL':'https://s3-us-west-1.amazonaws.com/sdc-restaurantproject-assets/images/bracelets-camera-cellphone-744780 (1).jpg'},{'photo_type':'drink','date':'2018-12-19T21:27:37.085Z','photoURL':'https://s3-us-west-1.amazonaws.com/sdc-restaurantproject-assets/images/waffles-2190961__340 (1).jpg'},{'photo_type':'drink','date':'2018-12-06T19:49:43.774Z','photoURL':'https://s3-us-west-1.amazonaws.com/sdc-restaurantproject-assets/images/chairs-chandelier-design-1579739.jpg'},{'photo_type':'food','date':'2018-11-26T19:16:50.712Z','photoURL':'https://s3-us-west-1.amazonaws.com/sdc-restaurantproject-assets/images/food-1898194__340.jpg'},{'photo_type':'food','date':'2019-01-02T09:14:16.191Z','photoURL':'https://s3-us-west-1.amazonaws.com/sdc-restaurantproject-assets/images/asparagus-barbecue-bbq-675951 (1).jpg'},{'photo_type':'food','date':'2018-11-23T08:03:49.051Z','photoURL':'https://s3-us-west-1.amazonaws.com/sdc-restaurantproject-assets/images/blueberries-1576409__340.jpg'},{'photo_type':'drink','date':'2018-11-09T14:45:42.631Z','photoURL':'https://s3-us-west-1.amazonaws.com/sdc-restaurantproject-assets/images/blur-bokeh-close-up-225228.jpg'}]"
137|"commodi"|"[{'photo_type':'exterior','date':'2018-12-17T19:13:22.204Z','photoURL':'https://s3-us-west-1.amazonaws.com/sdc-restaurantproject-assets/images/bread-breakfast-coffee-374052.jpg'},{'photo_type':'exterior','date':'2018-12-28T10:13:27.700Z','photoURL':'https://s3-us-west-1.amazonaws.com/sdc-restaurantproject-assets/images/coffee-2425303__340.jpg'},{'photo_type':'exterior','date':'2018-11-09T06:03:39.651Z','photoURL':'https://s3-us-west-1.amazonaws.com/sdc-restaurantproject-assets/images/breakfast-caffeine-coffee-1528013 (1).jpg'},{'photo_type':'exterior','date':'2019-01-06T01:13:22.563Z','photoURL':'https://s3-us-west-1.amazonaws.com/sdc-restaurantproject-assets/images/waffles-2190961__340 (1).jpg'},{'photo_type':'drink','date':'2018-11-08T00:01:50.942Z','photoURL':'https://s3-us-west-1.amazonaws.com/sdc-restaurantproject-assets/images/bar-984527__340.jpg'},{'photo_type':'food','date':'2019-01-09T19:51:21.579Z','photoURL':'https://s3-us-west-1.amazonaws.com/sdc-restaurantproject-assets/images/photo-1538253018136-a68f21eda0f8.jpeg'},{'photo_type':'food','date':'2018-11-23T17:25:04.315Z','photoURL':'https://s3-us-west-1.amazonaws.com/sdc-restaurantproject-assets/images/photo-1455619452474-d2be8b1e70cd.jpeg'},{'photo_type':'food','date':'2018-12-23T04:48:34.692Z','photoURL':'https://s3-us-west-1.amazonaws.com/sdc-restaurantproject-assets/images/profile-fb-1504666801-be8e8c193a97.jpg'},{'photo_type':'food','date':'2019-01-05T17:31:48.243Z','photoURL':'https://s3-us-west-1.amazonaws.com/sdc-restaurantproject-assets/images/broccoli-1974801__340.jpg'},{'photo_type':'food','date':'2018-11-01T06:50:48.761Z','photoURL':'https://s3-us-west-1.amazonaws.com/sdc-restaurantproject-assets/images/fruits-155616__340.png'},{'photo_type':'drink','date':'2019-01-10T08:37:29.154Z','photoURL':'https://s3-us-west-1.amazonaws.com/sdc-restaurantproject-assets/images/photo-1484980972926-edee96e0960d.jpeg'},{'photo_type':'food','date':'2018-10-22T20:44:05.477Z','photoURL':'https://s3-us-west-1.amazonaws.com/sdc-restaurantproject-assets/images/cafe-chairs-menu-6267 (1).jpg'},{'photo_type':'food','date':'2018-12-15T03:13:33.912Z','photoURL':'https://s3-us-west-1.amazonaws.com/sdc-restaurantproject-assets/images/girl-1064667__340.jpg'},{'photo_type':'food','date':'2018-12-08T21:08:46.096Z','photoURL':'https://s3-us-west-1.amazonaws.com/sdc-restaurantproject-assets/images/pancakes-2291908__340.jpg'},{'photo_type':'food','date':'2018-12-03T08:47:47.581Z','photoURL':'https://s3-us-west-1.amazonaws.com/sdc-restaurantproject-assets/images/photo-1471193945509-9ad0617afabf.jpeg'},{'photo_type':'food','date':'2018-12-27T02:05:40.549Z','photoURL':'https://s3-us-west-1.amazonaws.com/sdc-restaurantproject-assets/images/apple-1873078__340.jpg'},{'photo_type':'food','date':'2018-10-29T09:21:49.231Z','photoURL':'https://s3-us-west-1.amazonaws.com/sdc-restaurantproject-assets/images/chairs-coffee-shop-drinking-glasses-67468 (1).jpg'},{'photo_type':'food','date':'2018-10-22T00:58:24.075Z','photoURL':'https://s3-us-west-1.amazonaws.com/sdc-restaurantproject-assets/images/blur-breakfast-catering-306059.jpg'},{'photo_type':'food','date':'2018-11-27T04:43:37.755Z','photoURL':'https://s3-us-west-1.amazonaws.com/sdc-restaurantproject-assets/images/salad-2068220__340 (1).jpg'}]"
138|"iure"|"[{'photo_type':'exterior','date':'2018-11-14T05:33:11.528Z','photoURL':'https://s3-us-west-1.amazonaws.com/sdc-restaurantproject-assets/images/bar-cafe-caffeine-1002740 (1).jpg'},{'photo_type':'interior','date':'2018-12-10T03:08:41.171Z','photoURL':'https://s3-us-west-1.amazonaws.com/sdc-restaurantproject-assets/images/profile-1484238323837-cd040c916e2c.jpeg'},{'photo_type':'interior','date':'2018-11-01T12:59:38.639Z','photoURL':'https://s3-us-west-1.amazonaws.com/sdc-restaurantproject-assets/images/fine-dining-restaurant-table-51115 (1).jpg'},{'photo_type':'exterior','date':'2019-01-12T01:57:58.460Z','photoURL':'https://s3-us-west-1.amazonaws.com/sdc-restaurantproject-assets/images/salad-2068220__340.jpg'},{'photo_type':'food','date':'2018-12-18T07:43:59.879Z','photoURL':'https://s3-us-west-1.amazonaws.com/sdc-restaurantproject-assets/images/knife-1088529__340.png'},{'photo_type':'drink','date':'2018-12-21T23:04:12.771Z','photoURL':'https://s3-us-west-1.amazonaws.com/sdc-restaurantproject-assets/images/eat-2834549__340.jpg'},{'photo_type':'food','date':'2018-12-16T23:50:56.821Z','photoURL':'https://s3-us-west-1.amazonaws.com/sdc-restaurantproject-assets/images/salmon-1238248__340.jpg'},{'photo_type':'drink','date':'2018-10-31T03:18:03.184Z','photoURL':'https://s3-us-west-1.amazonaws.com/sdc-restaurantproject-assets/images/cooking-cuisine-delicious-958545.jpg'},{'photo_type':'drink','date':'2018-10-18T07:43:53.606Z','photoURL':'https://s3-us-west-1.amazonaws.com/sdc-restaurantproject-assets/images/cinnamon-92594__340.jpg'},{'photo_type':'food','date':'2018-10-18T02:30:26.497Z','photoURL':'https://s3-us-west-1.amazonaws.com/sdc-restaurantproject-assets/images/photo-1506459225024-1428097a7e18.jpeg'},{'photo_type':'drink','date':'2018-12-04T15:01:32.310Z','photoURL':'https://s3-us-west-1.amazonaws.com/sdc-restaurantproject-assets/images/hamburger-576419__340.png'},{'photo_type':'drink','date':'2018-11-08T10:32:12.127Z','photoURL':'https://s3-us-west-1.amazonaws.com/sdc-restaurantproject-assets/images/diner-dining-dinner-761854 (1).jpg'},{'photo_type':'food','date':'2018-12-13T19:14:12.168Z','photoURL':'https://s3-us-west-1.amazonaws.com/sdc-restaurantproject-assets/images/photo-1481931098730-318b6f776db0.jpeg'},{'photo_type':'food','date':'2018-12-01T04:20:30.489Z','photoURL':'https://s3-us-west-1.amazonaws.com/sdc-restaurantproject-assets/images/architecture-chairs-curtains-279835.jpg'},{'photo_type':'food','date':'2019-01-10T00:46:18.953Z','photoURL':'https://s3-us-west-1.amazonaws.com/sdc-restaurantproject-assets/images/shish-kebab-417994__340 (1).jpg'},{'photo_type':'drink','date':'2018-11-07T22:20:12.354Z','photoURL':'https://s3-us-west-1.amazonaws.com/sdc-restaurantproject-assets/images/profile-1520775454562-c8b70efe99d7.jpeg'},{'photo_type':'drink','date':'2018-11-12T08:24:57.964Z','photoURL':'https://s3-us-west-1.amazonaws.com/sdc-restaurantproject-assets/images/food-concept-chef-white-uniform-260nw-617005082.jpg'},{'photo_type':'food','date':'2018-12-25T14:20:18.766Z','photoURL':'https://s3-us-west-1.amazonaws.com/sdc-restaurantproject-assets/images/coffee-2425303__340.jpg'},{'photo_type':'drink','date':'2018-12-13T04:38:21.818Z','photoURL':'https://s3-us-west-1.amazonaws.com/sdc-restaurantproject-assets/images/fig-2079166__340.jpg'},{'photo_type':'drink','date':'2019-01-02T19:56:52.748Z','photoURL':'https://s3-us-west-1.amazonaws.com/sdc-restaurantproject-assets/images/blur-bokeh-close-up-225228 (1).jpg'},{'photo_type':'food','date':'2019-01-12T16:21:09.176Z','photoURL':'https://s3-us-west-1.amazonaws.com/sdc-restaurantproject-assets/images/salad-2068220__340 (1).jpg'},{'photo_type':'food','date':'2018-12-06T17:28:36.346Z','photoURL':'https://s3-us-west-1.amazonaws.com/sdc-restaurantproject-assets/images/240_F_189902957_NzbLZ8aOriQRtFdDSl4vOg8qCNITNsBb.jpg'},{'photo_type':'drink','date':'2018-11-03T16:03:03.243Z','photoURL':'https://s3-us-west-1.amazonaws.com/sdc-restaurantproject-assets/images/photo-1517248135467-4c7edcad34c4.jpeg'},{'photo_type':'food','date':'2018-11-19T22:40:18.093Z','photoURL':'https://s3-us-west-1.amazonaws.com/sdc-restaurantproject-assets/images/photo-1486335370770-0b094c34ac2a.jpeg'},{'photo_type':'drink','date':'2018-11-15T20:19:11.709Z','photoURL':'https://s3-us-west-1.amazonaws.com/sdc-restaurantproject-assets/images/adult-bar-blur-696218.jpg'},{'photo_type':'drink','date':'2019-01-07T14:54:05.979Z','photoURL':'https://s3-us-west-1.amazonaws.com/sdc-restaurantproject-assets/images/architecture-contemporary-flowers-704982.jpg'}]"
139|"adipisci"|"[{'photo_type':'exterior','date':'2018-10-17T21:22:09.920Z','photoURL':'https://s3-us-west-1.amazonaws.com/sdc-restaurantproject-assets/images/barbecue-barbeque-bbq-1268551.jpg'},{'photo_type':'exterior','date':'2018-12-25T00:19:07.368Z','photoURL':'https://s3-us-west-1.amazonaws.com/sdc-restaurantproject-assets/images/restaurant-449952__340.jpg'},{'photo_type':'exterior','date':'2019-01-10T09:05:14.010Z','photoURL':'https://s3-us-west-1.amazonaws.com/sdc-restaurantproject-assets/images/baked-beer-cheese-724216 (1).jpg'},{'photo_type':'interior','date':'2018-12-19T05:13:39.591Z','photoURL':'https://s3-us-west-1.amazonaws.com/sdc-restaurantproject-assets/images/blueberries-1576409__340.jpg'},{'photo_type':'drink','date':'2019-01-10T19:12:34.040Z','photoURL':'https://s3-us-west-1.amazonaws.com/sdc-restaurantproject-assets/images/bar-city-commerce-1058277 (1).jpg'},{'photo_type':'drink','date':'2018-11-03T04:01:25.398Z','photoURL':'https://s3-us-west-1.amazonaws.com/sdc-restaurantproject-assets/images/profile-fb-1457665821-972bb8f99690.jpg'},{'photo_type':'drink','date':'2018-11-07T07:56:55.103Z','photoURL':'https://s3-us-west-1.amazonaws.com/sdc-restaurantproject-assets/images/girl-1064667__340.jpg'},{'photo_type':'food','date':'2018-12-23T07:05:46.270Z','photoURL':'https://s3-us-west-1.amazonaws.com/sdc-restaurantproject-assets/images/coffee-918926__340.jpg'},{'photo_type':'drink','date':'2018-12-18T09:06:55.221Z','photoURL':'https://s3-us-west-1.amazonaws.com/sdc-restaurantproject-assets/images/baked-baking-chef-784633.jpg'},{'photo_type':'drink','date':'2018-10-26T23:00:18.034Z','photoURL':'https://s3-us-west-1.amazonaws.com/sdc-restaurantproject-assets/images/brick-wall-1834784__340.jpg'},{'photo_type':'food','date':'2019-01-03T03:07:38.766Z','photoURL':'https://s3-us-west-1.amazonaws.com/sdc-restaurantproject-assets/images/tangerines-1721590__340.jpg'},{'photo_type':'drink','date':'2018-11-10T01:23:06.485Z','photoURL':'https://s3-us-west-1.amazonaws.com/sdc-restaurantproject-assets/images/profile-1542422193620-9e3770adde7c.png'},{'photo_type':'food','date':'2018-10-20T20:59:14.203Z','photoURL':'https://s3-us-west-1.amazonaws.com/sdc-restaurantproject-assets/images/photo-1506354666786-959d6d497f1a.jpeg'},{'photo_type':'food','date':'2018-12-22T18:01:37.667Z','photoURL':'https://s3-us-west-1.amazonaws.com/sdc-restaurantproject-assets/images/photo-1506354666786-959d6d497f1a.jpeg'},{'photo_type':'food','date':'2018-10-30T09:16:09.158Z','photoURL':'https://s3-us-west-1.amazonaws.com/sdc-restaurantproject-assets/images/adult-blur-blurred-background-687824 (1).jpg'},{'photo_type':'drink','date':'2018-11-19T22:01:26.565Z','photoURL':'https://s3-us-west-1.amazonaws.com/sdc-restaurantproject-assets/images/blur-close-up-cutlery-735869 (1).jpg'}]"
140|"aliquid"|"[{'photo_type':'interior','date':'2018-11-20T22:41:55.991Z','photoURL':'https://s3-us-west-1.amazonaws.com/sdc-restaurantproject-assets/images/photo-1533777857889-4be7c70b33f7.jpeg'},{'photo_type':'interior','date':'2018-11-14T20:31:26.722Z','photoURL':'https://s3-us-west-1.amazonaws.com/sdc-restaurantproject-assets/images/girl-1064664__340.jpg'},{'photo_type':'exterior','date':'2019-01-05T17:10:17.541Z','photoURL':'https://s3-us-west-1.amazonaws.com/sdc-restaurantproject-assets/images/photo-1515669097368-22e68427d265.jpeg'},{'photo_type':'exterior','date':'2018-10-24T15:49:34.195Z','photoURL':'https://s3-us-west-1.amazonaws.com/sdc-restaurantproject-assets/images/abstract-art-celebration-750843.jpg'},{'photo_type':'drink','date':'2019-01-12T06:01:27.458Z','photoURL':'https://s3-us-west-1.amazonaws.com/sdc-restaurantproject-assets/images/asian-1238670__340.jpg'},{'photo_type':'drink','date':'2018-11-19T03:03:19.152Z','photoURL':'https://s3-us-west-1.amazonaws.com/sdc-restaurantproject-assets/images/italian-cuisine-2378729__340.jpg'},{'photo_type':'food','date':'2018-12-05T12:31:06.466Z','photoURL':'https://s3-us-west-1.amazonaws.com/sdc-restaurantproject-assets/images/restaurant-2697945__340.jpg'},{'photo_type':'food','date':'2018-10-17T01:48:37.880Z','photoURL':'https://s3-us-west-1.amazonaws.com/sdc-restaurantproject-assets/images/cafe-chairs-menu-6267 (1).jpg'},{'photo_type':'food','date':'2018-10-27T16:14:54.907Z','photoURL':'https://s3-us-west-1.amazonaws.com/sdc-restaurantproject-assets/images/restaurant-chilling-out-classy-lifestyle-260nw-507639565.jpg'},{'photo_type':'drink','date':'2018-10-23T00:11:31.172Z','photoURL':'https://s3-us-west-1.amazonaws.com/sdc-restaurantproject-assets/images/strawberries-3359755__340.jpg'},{'photo_type':'drink','date':'2018-12-08T20:59:53.924Z','photoURL':'https://s3-us-west-1.amazonaws.com/sdc-restaurantproject-assets/images/beverage-business-chairs-903376.jpg'},{'photo_type':'food','date':'2018-11-12T11:37:51.070Z','photoURL':'https://s3-us-west-1.amazonaws.com/sdc-restaurantproject-assets/images/pancakes-2020863__340.jpg'},{'photo_type':'food','date':'2018-10-31T15:07:37.895Z','photoURL':'https://s3-us-west-1.amazonaws.com/sdc-restaurantproject-assets/images/food-1932466__340 (1).jpg'},{'photo_type':'drink','date':'2018-10-19T03:18:24.956Z','photoURL':'https://s3-us-west-1.amazonaws.com/sdc-restaurantproject-assets/images/pizza-2068272__340.jpg'},{'photo_type':'food','date':'2018-12-19T10:13:43.380Z','photoURL':'https://s3-us-west-1.amazonaws.com/sdc-restaurantproject-assets/images/buffet-business-counter-776538.jpg'},{'photo_type':'food','date':'2018-11-04T16:14:27.855Z','photoURL':'https://s3-us-west-1.amazonaws.com/sdc-restaurantproject-assets/images/bread-399286__340 (1).jpg'},{'photo_type':'food','date':'2019-01-04T04:14:46.802Z','photoURL':'https://s3-us-west-1.amazonaws.com/sdc-restaurantproject-assets/images/tomato-1205699__340.jpg'},{'photo_type':'food','date':'2018-12-24T05:53:42.416Z','photoURL':'https://s3-us-west-1.amazonaws.com/sdc-restaurantproject-assets/images/photo-1473093295043-cdd812d0e601.jpeg'},{'photo_type':'food','date':'2018-12-31T19:45:15.194Z','photoURL':'https://s3-us-west-1.amazonaws.com/sdc-restaurantproject-assets/images/architecture-contemporary-flowers-704982.jpg'},{'photo_type':'drink','date':'2018-11-24T17:01:52.532Z','photoURL':'https://s3-us-west-1.amazonaws.com/sdc-restaurantproject-assets/images/photo-1475090169767-40ed8d18f67d.jpeg'},{'photo_type':'drink','date':'2018-12-13T20:58:10.643Z','photoURL':'https://s3-us-west-1.amazonaws.com/sdc-restaurantproject-assets/images/cafe-768771__340.jpg'},{'photo_type':'food','date':'2018-11-27T19:09:04.895Z','photoURL':'https://s3-us-west-1.amazonaws.com/sdc-restaurantproject-assets/images/glasses-919071__340.jpg'}]"
141|"molestiae"|"[{'photo_type':'interior','date':'2018-12-08T21:44:09.681Z','photoURL':'https://s3-us-west-1.amazonaws.com/sdc-restaurantproject-assets/images/profile-1531906474665-548787816659.png'},{'photo_type':'interior','date':'2019-01-11T20:38:17.812Z','photoURL':'https://s3-us-west-1.amazonaws.com/sdc-restaurantproject-assets/images/almonds-1768792__340.jpg'},{'photo_type':'interior','date':'2018-12-18T01:55:20.908Z','photoURL':'https://s3-us-west-1.amazonaws.com/sdc-restaurantproject-assets/images/photo-1467003909585-2f8a72700288.jpeg'},{'photo_type':'interior','date':'2018-12-20T13:12:17.822Z','photoURL':'https://s3-us-west-1.amazonaws.com/sdc-restaurantproject-assets/images/pizza-3007395__340 (1).jpg'},{'photo_type':'drink','date':'2019-01-04T06:34:23.264Z','photoURL':'https://s3-us-west-1.amazonaws.com/sdc-restaurantproject-assets/images/apple-1873078__340.jpg'},{'photo_type':'drink','date':'2018-11-17T07:11:30.433Z','photoURL':'https://s3-us-west-1.amazonaws.com/sdc-restaurantproject-assets/images/photo-1498588747262-0f2241707d13.jpeg'},{'photo_type':'drink','date':'2018-12-27T20:46:52.691Z','photoURL':'https://s3-us-west-1.amazonaws.com/sdc-restaurantproject-assets/images/adult-bar-blur-696218 (1).jpg'},{'photo_type':'food','date':'2018-11-06T13:28:36.988Z','photoURL':'https://s3-us-west-1.amazonaws.com/sdc-restaurantproject-assets/images/profile-fb-1503809580-93d5062180f6.jpg'},{'photo_type':'food','date':'2018-12-06T08:45:47.776Z','photoURL':'https://s3-us-west-1.amazonaws.com/sdc-restaurantproject-assets/images/piza-3010062__340.jpg'},{'photo_type':'drink','date':'2018-11-04T23:57:45.664Z','photoURL':'https://s3-us-west-1.amazonaws.com/sdc-restaurantproject-assets/images/catering-179046__340.jpg'},{'photo_type':'food','date':'2018-11-26T04:01:59.622Z','photoURL':'https://s3-us-west-1.amazonaws.com/sdc-restaurantproject-assets/images/cafe-chairs-menu-6267 (1).jpg'},{'photo_type':'drink','date':'2018-10-25T17:27:22.273Z','photoURL':'https://s3-us-west-1.amazonaws.com/sdc-restaurantproject-assets/images/hamburger-494706__340.jpg'},{'photo_type':'drink','date':'2018-11-30T02:33:18.858Z','photoURL':'https://s3-us-west-1.amazonaws.com/sdc-restaurantproject-assets/images/almonds-1768792__340 (1).jpg'},{'photo_type':'food','date':'2018-11-03T20:15:18.202Z','photoURL':'https://s3-us-west-1.amazonaws.com/sdc-restaurantproject-assets/images/blur-bokeh-close-up-225228 (1).jpg'},{'photo_type':'food','date':'2019-01-13T03:05:24.818Z','photoURL':'https://s3-us-west-1.amazonaws.com/sdc-restaurantproject-assets/images/240_F_111774771_clVgZm3rv5ejG7h68lz5SOrj511epPJH (1).jpg'},{'photo_type':'food','date':'2019-01-08T19:46:10.097Z','photoURL':'https://s3-us-west-1.amazonaws.com/sdc-restaurantproject-assets/images/summer-2404769__340.jpg'},{'photo_type':'drink','date':'2019-01-10T06:38:09.088Z','photoURL':'https://s3-us-west-1.amazonaws.com/sdc-restaurantproject-assets/images/tomatoes-320860__340 (1).jpg'},{'photo_type':'drink','date':'2018-11-14T00:08:24.072Z','photoURL':'https://s3-us-west-1.amazonaws.com/sdc-restaurantproject-assets/images/bar-984527__340.jpg'}]"
142|"repudiandae"|"[{'photo_type':'exterior','date':'2018-12-05T11:47:03.596Z','photoURL':'https://s3-us-west-1.amazonaws.com/sdc-restaurantproject-assets/images/profile-1455803519206-6abd8f4eeb9c.jpeg'},{'photo_type':'interior','date':'2018-10-24T04:58:05.381Z','photoURL':'https://s3-us-west-1.amazonaws.com/sdc-restaurantproject-assets/images/casserole-dish-2776735__340 (1).jpg'},{'photo_type':'interior','date':'2018-12-21T15:10:19.468Z','photoURL':'https://s3-us-west-1.amazonaws.com/sdc-restaurantproject-assets/images/pancakes-2020863__340 (1).jpg'},{'photo_type':'exterior','date':'2019-01-07T11:39:45.201Z','photoURL':'https://s3-us-west-1.amazonaws.com/sdc-restaurantproject-assets/images/pancakes-2020863__340 (1).jpg'},{'photo_type':'food','date':'2018-12-19T08:13:55.598Z','photoURL':'https://s3-us-west-1.amazonaws.com/sdc-restaurantproject-assets/images/apples-805124__340.jpg'},{'photo_type':'drink','date':'2018-11-20T02:51:56.879Z','photoURL':'https://s3-us-west-1.amazonaws.com/sdc-restaurantproject-assets/images/architecture-ceiling-chairs-262047 (1).jpg'},{'photo_type':'drink','date':'2018-11-17T09:18:16.810Z','photoURL':'https://s3-us-west-1.amazonaws.com/sdc-restaurantproject-assets/images/photo-1531160038068-e8e80b3318c2.jpeg'},{'photo_type':'food','date':'2018-11-22T02:45:10.967Z','photoURL':'https://s3-us-west-1.amazonaws.com/sdc-restaurantproject-assets/images/raspberry-2023404__340.jpg'},{'photo_type':'drink','date':'2018-10-25T07:17:44.885Z','photoURL':'https://s3-us-west-1.amazonaws.com/sdc-restaurantproject-assets/images/meal-918639__340.jpg'},{'photo_type':'food','date':'2018-11-10T02:08:35.080Z','photoURL':'https://s3-us-west-1.amazonaws.com/sdc-restaurantproject-assets/images/garlic-139659__340.jpg'},{'photo_type':'food','date':'2018-11-28T22:41:39.776Z','photoURL':'https://s3-us-west-1.amazonaws.com/sdc-restaurantproject-assets/images/photo-1428515613728-6b4607e44363.jpeg'},{'photo_type':'drink','date':'2018-12-13T14:31:02.437Z','photoURL':'https://s3-us-west-1.amazonaws.com/sdc-restaurantproject-assets/images/asparagus-barbecue-bbq-675951.jpg'},{'photo_type':'food','date':'2018-12-16T13:25:52.041Z','photoURL':'https://s3-us-west-1.amazonaws.com/sdc-restaurantproject-assets/images/pizza-3007395__340 (2).jpg'},{'photo_type':'drink','date':'2018-11-22T13:30:24.503Z','photoURL':'https://s3-us-west-1.amazonaws.com/sdc-restaurantproject-assets/images/tangerines-1721590__340.jpg'},{'photo_type':'drink','date':'2019-01-04T16:49:34.740Z','photoURL':'https://s3-us-west-1.amazonaws.com/sdc-restaurantproject-assets/images/profile-1537542341943-a0fd93d43dc9.jpeg'},{'photo_type':'drink','date':'2018-12-16T02:04:17.621Z','photoURL':'https://s3-us-west-1.amazonaws.com/sdc-restaurantproject-assets/images/raspberries-1426859__340 (1).jpg'},{'photo_type':'drink','date':'2019-01-01T03:39:21.624Z','photoURL':'https://s3-us-west-1.amazonaws.com/sdc-restaurantproject-assets/images/baked-beer-cheese-724216 (1).jpg'},{'photo_type':'food','date':'2018-12-30T01:03:45.045Z','photoURL':'https://s3-us-west-1.amazonaws.com/sdc-restaurantproject-assets/images/photo-1538253018136-a68f21eda0f8.jpeg'},{'photo_type':'drink','date':'2018-12-25T15:44:53.228Z','photoURL':'https://s3-us-west-1.amazonaws.com/sdc-restaurantproject-assets/images/photo-1505253304499-671c55fb57fe.jpeg'},{'photo_type':'food','date':'2018-11-04T08:21:08.437Z','photoURL':'https://s3-us-west-1.amazonaws.com/sdc-restaurantproject-assets/images/bracelets-camera-cellphone-744780.jpg'},{'photo_type':'food','date':'2018-10-18T06:59:58.278Z','photoURL':'https://s3-us-west-1.amazonaws.com/sdc-restaurantproject-assets/images/pancakes-2020863__340.jpg'},{'photo_type':'food','date':'2018-12-05T17:18:47.221Z','photoURL':'https://s3-us-west-1.amazonaws.com/sdc-restaurantproject-assets/images/chain-close-up-display-1036857.jpg'},{'photo_type':'food','date':'2018-10-31T21:15:50.429Z','photoURL':'https://s3-us-west-1.amazonaws.com/sdc-restaurantproject-assets/images/cake-1971552__340.jpg'},{'photo_type':'food','date':'2018-12-14T17:05:26.454Z','photoURL':'https://s3-us-west-1.amazonaws.com/sdc-restaurantproject-assets/images/strawberries-3359755__340 (1).jpg'},{'photo_type':'food','date':'2018-11-10T14:20:05.542Z','photoURL':'https://s3-us-west-1.amazonaws.com/sdc-restaurantproject-assets/images/photo-1490914327627-9fe8d52f4d90.jpeg'},{'photo_type':'drink','date':'2018-12-24T07:15:37.989Z','photoURL':'https://s3-us-west-1.amazonaws.com/sdc-restaurantproject-assets/images/architecture-chairs-curtains-279835.jpg'}]"
143|"alias"|"[{'photo_type':'interior','date':'2018-11-25T13:18:52.569Z','photoURL':'https://s3-us-west-1.amazonaws.com/sdc-restaurantproject-assets/images/alcohol-1961542__340.jpg'},{'photo_type':'exterior','date':'2018-11-28T23:08:06.430Z','photoURL':'https://s3-us-west-1.amazonaws.com/sdc-restaurantproject-assets/images/photo-1504855328839-2f4baf9e0fd7.jpeg'},{'photo_type':'exterior','date':'2018-10-31T17:34:36.073Z','photoURL':'https://s3-us-west-1.amazonaws.com/sdc-restaurantproject-assets/images/cafe-768771__340.jpg'},{'photo_type':'exterior','date':'2018-12-08T09:49:55.339Z','photoURL':'https://s3-us-west-1.amazonaws.com/sdc-restaurantproject-assets/images/jam-428094__340 (1).jpg'},{'photo_type':'food','date':'2018-10-26T18:39:41.812Z','photoURL':'https://s3-us-west-1.amazonaws.com/sdc-restaurantproject-assets/images/beef-cooked-cuisine-1268549.jpg'},{'photo_type':'food','date':'2018-12-06T22:43:01.769Z','photoURL':'https://s3-us-west-1.amazonaws.com/sdc-restaurantproject-assets/images/profile-1471208332021-d1dbaaba4a34.jpeg'},{'photo_type':'drink','date':'2018-11-18T01:27:04.397Z','photoURL':'https://s3-us-west-1.amazonaws.com/sdc-restaurantproject-assets/images/olive-oil-1412361__340.jpg'},{'photo_type':'food','date':'2018-12-29T03:35:31.977Z','photoURL':'https://s3-us-west-1.amazonaws.com/sdc-restaurantproject-assets/images/fruit-2367029__340.jpg'},{'photo_type':'drink','date':'2018-12-14T00:52:44.892Z','photoURL':'https://s3-us-west-1.amazonaws.com/sdc-restaurantproject-assets/images/salmon-518032__340.jpg'},{'photo_type':'drink','date':'2018-12-02T22:49:30.617Z','photoURL':'https://s3-us-west-1.amazonaws.com/sdc-restaurantproject-assets/images/architecture-chairs-curtains-279835 (1).jpg'},{'photo_type':'drink','date':'2018-11-16T20:45:10.486Z','photoURL':'https://s3-us-west-1.amazonaws.com/sdc-restaurantproject-assets/images/profile-1508107410047-a34950174b6b.jpeg'}]"
144|"iusto"|"[{'photo_type':'interior','date':'2019-01-05T22:44:50.386Z','photoURL':'https://s3-us-west-1.amazonaws.com/sdc-restaurantproject-assets/images/breakfast-caffeine-coffee-1528013.jpg'},{'photo_type':'exterior','date':'2018-12-24T16:37:33.058Z','photoURL':'https://s3-us-west-1.amazonaws.com/sdc-restaurantproject-assets/images/hamburger-576419__340.png'},{'photo_type':'interior','date':'2018-12-29T15:28:34.446Z','photoURL':'https://s3-us-west-1.amazonaws.com/sdc-restaurantproject-assets/images/photo-1476224203421-9ac39bcb3327.jpeg'},{'photo_type':'exterior','date':'2018-11-04T14:35:29.093Z','photoURL':'https://s3-us-west-1.amazonaws.com/sdc-restaurantproject-assets/images/bread-breakfast-coffee-374052.jpg'},{'photo_type':'drink','date':'2018-11-07T17:26:45.592Z','photoURL':'https://s3-us-west-1.amazonaws.com/sdc-restaurantproject-assets/images/photo-1536510344784-b43e97721c1f.jpeg'},{'photo_type':'food','date':'2018-11-16T03:01:38.919Z','photoURL':'https://s3-us-west-1.amazonaws.com/sdc-restaurantproject-assets/images/buffet-business-counter-776538 (1).jpg'},{'photo_type':'drink','date':'2018-12-20T18:24:10.199Z','photoURL':'https://s3-us-west-1.amazonaws.com/sdc-restaurantproject-assets/images/blue-1326154__340 (1).jpg'},{'photo_type':'food','date':'2019-01-05T11:29:04.115Z','photoURL':'https://s3-us-west-1.amazonaws.com/sdc-restaurantproject-assets/images/bell-pepper-1302126__340 (1).jpg'},{'photo_type':'food','date':'2018-11-19T09:05:46.753Z','photoURL':'https://s3-us-west-1.amazonaws.com/sdc-restaurantproject-assets/images/cupcakes-690040__340 (1).jpg'},{'photo_type':'drink','date':'2018-10-19T13:14:59.445Z','photoURL':'https://s3-us-west-1.amazonaws.com/sdc-restaurantproject-assets/images/mediterranean-cuisine-2378758__340.jpg'},{'photo_type':'drink','date':'2019-01-06T08:11:59.838Z','photoURL':'https://s3-us-west-1.amazonaws.com/sdc-restaurantproject-assets/images/corn-syrup-563796__340 (1).jpg'},{'photo_type':'food','date':'2018-11-14T16:54:21.849Z','photoURL':'https://s3-us-west-1.amazonaws.com/sdc-restaurantproject-assets/images/photo-1485962398705-ef6a13c41e8f.jpeg'},{'photo_type':'drink','date':'2019-01-02T01:33:27.970Z','photoURL':'https://s3-us-west-1.amazonaws.com/sdc-restaurantproject-assets/images/profile-1498506991076-d309df1e3097.png'},{'photo_type':'drink','date':'2018-11-15T03:48:42.378Z','photoURL':'https://s3-us-west-1.amazonaws.com/sdc-restaurantproject-assets/images/architecture-dining-furniture-1581384.jpg'},{'photo_type':'food','date':'2019-01-05T22:35:11.974Z','photoURL':'https://s3-us-west-1.amazonaws.com/sdc-restaurantproject-assets/images/blueberries-2278921__340.jpg'},{'photo_type':'drink','date':'2018-12-04T18:54:06.330Z','photoURL':'https://s3-us-west-1.amazonaws.com/sdc-restaurantproject-assets/images/slice-of-lemon-2135548__340.jpg'},{'photo_type':'food','date':'2018-12-17T04:58:52.663Z','photoURL':'https://s3-us-west-1.amazonaws.com/sdc-restaurantproject-assets/images/architecture-dining-furniture-1581384 (1).jpg'},{'photo_type':'drink','date':'2018-12-17T02:50:40.336Z','photoURL':'https://s3-us-west-1.amazonaws.com/sdc-restaurantproject-assets/images/girl-1848478__340.jpg'},{'photo_type':'drink','date':'2018-12-17T05:26:50.790Z','photoURL':'https://s3-us-west-1.amazonaws.com/sdc-restaurantproject-assets/images/architecture-bar-business-791810 (1).jpg'},{'photo_type':'food','date':'2018-11-26T15:08:22.003Z','photoURL':'https://s3-us-west-1.amazonaws.com/sdc-restaurantproject-assets/images/pastas-1150032__340.jpg'}]"
145|"nulla"|"[{'photo_type':'exterior','date':'2018-10-19T17:40:40.334Z','photoURL':'https://s3-us-west-1.amazonaws.com/sdc-restaurantproject-assets/images/profile-fb-1466530451-96a4d29c9c71.jpg'},{'photo_type':'interior','date':'2018-12-08T13:15:40.013Z','photoURL':'https://s3-us-west-1.amazonaws.com/sdc-restaurantproject-assets/images/vegetables-1085063__340.jpg'},{'photo_type':'interior','date':'2018-11-05T05:36:32.832Z','photoURL':'https://s3-us-west-1.amazonaws.com/sdc-restaurantproject-assets/images/broccoli-1974801__340 (1).jpg'},{'photo_type':'interior','date':'2018-10-31T20:28:36.185Z','photoURL':'https://s3-us-west-1.amazonaws.com/sdc-restaurantproject-assets/images/table-set-restaurant-260nw-282446912.jpg'},{'photo_type':'drink','date':'2018-12-22T09:10:47.408Z','photoURL':'https://s3-us-west-1.amazonaws.com/sdc-restaurantproject-assets/images/strawberries-3359755__340 (1).jpg'},{'photo_type':'food','date':'2018-12-23T06:52:08.266Z','photoURL':'https://s3-us-west-1.amazonaws.com/sdc-restaurantproject-assets/images/vegetables-1584999__340.jpg'},{'photo_type':'food','date':'2018-11-05T23:11:19.820Z','photoURL':'https://s3-us-west-1.amazonaws.com/sdc-restaurantproject-assets/images/cupcakes-690040__340 (1).jpg'},{'photo_type':'drink','date':'2019-01-11T15:06:47.095Z','photoURL':'https://s3-us-west-1.amazonaws.com/sdc-restaurantproject-assets/images/240_F_114368484_dC1FQApMpuXNjiGlB77zebkHjPgpBi1e (1).jpg'},{'photo_type':'food','date':'2018-12-25T11:50:50.965Z','photoURL':'https://s3-us-west-1.amazonaws.com/sdc-restaurantproject-assets/images/garlic-139659__340.jpg'},{'photo_type':'food','date':'2018-10-20T06:27:36.539Z','photoURL':'https://s3-us-west-1.amazonaws.com/sdc-restaurantproject-assets/images/240_F_192062080_pG9vJqltj09ZGQhuHT33kBr8tJt42a4h.jpg'},{'photo_type':'drink','date':'2018-11-15T05:35:40.354Z','photoURL':'https://s3-us-west-1.amazonaws.com/sdc-restaurantproject-assets/images/profile-1516714679924-9fb18901f5f0.jpeg'},{'photo_type':'food','date':'2018-12-07T16:44:36.239Z','photoURL':'https://s3-us-west-1.amazonaws.com/sdc-restaurantproject-assets/images/cupcakes-690040__340 (1).jpg'},{'photo_type':'food','date':'2018-12-23T11:33:10.095Z','photoURL':'https://s3-us-west-1.amazonaws.com/sdc-restaurantproject-assets/images/chair-1148930__340.jpg'},{'photo_type':'drink','date':'2019-01-11T22:43:28.948Z','photoURL':'https://s3-us-west-1.amazonaws.com/sdc-restaurantproject-assets/images/olive-oil-1412361__340 (1).jpg'},{'photo_type':'food','date':'2018-10-19T09:33:50.581Z','photoURL':'https://s3-us-west-1.amazonaws.com/sdc-restaurantproject-assets/images/profile-1492544817192-2a54996c9f2e.jpeg'},{'photo_type':'food','date':'2018-11-25T17:14:41.242Z','photoURL':'https://s3-us-west-1.amazonaws.com/sdc-restaurantproject-assets/images/coffee-2608864__340 (1).jpg'},{'photo_type':'drink','date':'2019-01-01T21:29:32.244Z','photoURL':'https://s3-us-west-1.amazonaws.com/sdc-restaurantproject-assets/images/adult-blur-blurred-background-687824 (1).jpg'},{'photo_type':'food','date':'2018-12-28T15:01:20.089Z','photoURL':'https://s3-us-west-1.amazonaws.com/sdc-restaurantproject-assets/images/woman-3083375__340.jpg'},{'photo_type':'drink','date':'2018-12-17T03:38:07.110Z','photoURL':'https://s3-us-west-1.amazonaws.com/sdc-restaurantproject-assets/images/pizza-2802332__340.jpg'},{'photo_type':'drink','date':'2018-12-31T06:13:11.616Z','photoURL':'https://s3-us-west-1.amazonaws.com/sdc-restaurantproject-assets/images/photo-1543363364-98d2b51b47fb.jpeg'},{'photo_type':'food','date':'2018-12-01T12:15:38.956Z','photoURL':'https://s3-us-west-1.amazonaws.com/sdc-restaurantproject-assets/images/basil-dinner-dish-64208.jpg'},{'photo_type':'food','date':'2019-01-09T04:56:28.174Z','photoURL':'https://s3-us-west-1.amazonaws.com/sdc-restaurantproject-assets/images/catering-celebrate-chocolate-697057.jpg'},{'photo_type':'drink','date':'2018-11-01T23:50:45.138Z','photoURL':'https://s3-us-west-1.amazonaws.com/sdc-restaurantproject-assets/images/after-business-hours-architecture-bar-34650 (1).jpg'},{'photo_type':'drink','date':'2018-11-20T14:43:43.876Z','photoURL':'https://s3-us-west-1.amazonaws.com/sdc-restaurantproject-assets/images/eat-2834549__340.jpg'},{'photo_type':'drink','date':'2018-12-10T14:43:10.346Z','photoURL':'https://s3-us-west-1.amazonaws.com/sdc-restaurantproject-assets/images/restaurant-690569__340.jpg'},{'photo_type':'food','date':'2018-10-30T04:14:50.535Z','photoURL':'https://s3-us-west-1.amazonaws.com/sdc-restaurantproject-assets/images/pancake-1984716__340 (1).jpg'},{'photo_type':'drink','date':'2018-11-10T06:25:16.583Z','photoURL':'https://s3-us-west-1.amazonaws.com/sdc-restaurantproject-assets/images/restaurant-2697945__340.jpg'}]"
146|"vitae"|"[{'photo_type':'interior','date':'2018-12-04T03:51:46.495Z','photoURL':'https://s3-us-west-1.amazonaws.com/sdc-restaurantproject-assets/images/cupcakes-690040__340 (1).jpg'},{'photo_type':'exterior','date':'2019-01-13T17:35:20.932Z','photoURL':'https://s3-us-west-1.amazonaws.com/sdc-restaurantproject-assets/images/tomatoes-320860__340.jpg'},{'photo_type':'exterior','date':'2018-10-24T02:52:06.463Z','photoURL':'https://s3-us-west-1.amazonaws.com/sdc-restaurantproject-assets/images/architecture-contemporary-flowers-704982.jpg'},{'photo_type':'interior','date':'2019-01-08T15:57:12.109Z','photoURL':'https://s3-us-west-1.amazonaws.com/sdc-restaurantproject-assets/images/photo-1466978913421-dad2ebd01d17.jpeg'},{'photo_type':'drink','date':'2018-12-04T00:19:23.875Z','photoURL':'https://s3-us-west-1.amazonaws.com/sdc-restaurantproject-assets/images/food-1239423__340.jpg'},{'photo_type':'drink','date':'2018-12-09T12:05:33.719Z','photoURL':'https://s3-us-west-1.amazonaws.com/sdc-restaurantproject-assets/images/photo-1505826759037-406b40feb4cd.jpeg'},{'photo_type':'drink','date':'2018-11-05T18:15:35.045Z','photoURL':'https://s3-us-west-1.amazonaws.com/sdc-restaurantproject-assets/images/cafe-3537801__340.jpg'},{'photo_type':'drink','date':'2018-12-11T12:39:34.591Z','photoURL':'https://s3-us-west-1.amazonaws.com/sdc-restaurantproject-assets/images/beverage-business-chairs-903376 (1).jpg'},{'photo_type':'drink','date':'2018-12-17T07:34:00.701Z','photoURL':'https://s3-us-west-1.amazonaws.com/sdc-restaurantproject-assets/images/adults-apron-business-580613.jpg'},{'photo_type':'drink','date':'2018-11-07T08:18:11.821Z','photoURL':'https://s3-us-west-1.amazonaws.com/sdc-restaurantproject-assets/images/olive-oil-968657__340.jpg'},{'photo_type':'food','date':'2019-01-05T01:07:23.915Z','photoURL':'https://s3-us-west-1.amazonaws.com/sdc-restaurantproject-assets/images/rice-1807554__340.jpg'},{'photo_type':'drink','date':'2019-01-14T03:48:47.300Z','photoURL':'https://s3-us-west-1.amazonaws.com/sdc-restaurantproject-assets/images/salmon-518032__340.jpg'},{'photo_type':'food','date':'2018-12-27T18:32:12.941Z','photoURL':'https://s3-us-west-1.amazonaws.com/sdc-restaurantproject-assets/images/photo-1492544660250-a20e679019e5.jpeg'},{'photo_type':'food','date':'2018-11-04T16:40:11.944Z','photoURL':'https://s3-us-west-1.amazonaws.com/sdc-restaurantproject-assets/images/woman-3083375__340.jpg'},{'photo_type':'food','date':'2018-12-23T13:32:26.217Z','photoURL':'https://s3-us-west-1.amazonaws.com/sdc-restaurantproject-assets/images/restaurant-690569__340.jpg'},{'photo_type':'food','date':'2018-11-27T23:41:07.533Z','photoURL':'https://s3-us-west-1.amazonaws.com/sdc-restaurantproject-assets/images/teapots-1858601__340.jpg'},{'photo_type':'drink','date':'2018-12-31T23:01:31.606Z','photoURL':'https://s3-us-west-1.amazonaws.com/sdc-restaurantproject-assets/images/blue-1326154__340.jpg'},{'photo_type':'food','date':'2018-10-31T13:21:23.434Z','photoURL':'https://s3-us-west-1.amazonaws.com/sdc-restaurantproject-assets/images/breakfast-690128__340.jpg'},{'photo_type':'food','date':'2018-12-16T01:41:06.212Z','photoURL':'https://s3-us-west-1.amazonaws.com/sdc-restaurantproject-assets/images/photo-1525648199074-cee30ba79a4a.jpeg'},{'photo_type':'food','date':'2018-11-13T05:22:53.838Z','photoURL':'https://s3-us-west-1.amazonaws.com/sdc-restaurantproject-assets/images/blueberries-1576409__340.jpg'},{'photo_type':'drink','date':'2019-01-14T19:20:35.256Z','photoURL':'https://s3-us-west-1.amazonaws.com/sdc-restaurantproject-assets/images/bar-bartender-beer-1267315 (1).jpg'},{'photo_type':'food','date':'2018-11-09T11:40:11.953Z','photoURL':'https://s3-us-west-1.amazonaws.com/sdc-restaurantproject-assets/images/photo-1538253018136-a68f21eda0f8.jpeg'},{'photo_type':'drink','date':'2018-11-11T23:55:28.119Z','photoURL':'https://s3-us-west-1.amazonaws.com/sdc-restaurantproject-assets/images/business-chairs-commerce-1383776.jpg'},{'photo_type':'food','date':'2018-10-31T23:26:22.570Z','photoURL':'https://s3-us-west-1.amazonaws.com/sdc-restaurantproject-assets/images/food-1898194__340.jpg'}]"
147|"nesciunt"|"[{'photo_type':'interior','date':'2018-11-03T11:51:41.174Z','photoURL':'https://s3-us-west-1.amazonaws.com/sdc-restaurantproject-assets/images/profile-fb-1504666801-be8e8c193a97.jpg'},{'photo_type':'exterior','date':'2018-12-22T21:42:06.370Z','photoURL':'https://s3-us-west-1.amazonaws.com/sdc-restaurantproject-assets/images/profile-fb-1491404551-2beab2aeb0af.jpg'},{'photo_type':'interior','date':'2018-11-26T08:18:42.162Z','photoURL':'https://s3-us-west-1.amazonaws.com/sdc-restaurantproject-assets/images/photo-1470119693884-47d3a1d1f180.jpeg'},{'photo_type':'interior','date':'2018-12-01T01:36:00.387Z','photoURL':'https://s3-us-west-1.amazonaws.com/sdc-restaurantproject-assets/images/photo-1526130963484-68fa9ba0717a.jpeg'},{'photo_type':'food','date':'2018-12-10T04:50:35.016Z','photoURL':'https://s3-us-west-1.amazonaws.com/sdc-restaurantproject-assets/images/profile-1539035704927-e497a1b22958.jpeg'},{'photo_type':'drink','date':'2018-11-29T08:02:49.285Z','photoURL':'https://s3-us-west-1.amazonaws.com/sdc-restaurantproject-assets/images/profile-1500391272480-fa84aef91909.jpeg'},{'photo_type':'food','date':'2018-11-23T08:21:45.440Z','photoURL':'https://s3-us-west-1.amazonaws.com/sdc-restaurantproject-assets/images/eat-1237431__340.jpg'},{'photo_type':'food','date':'2018-12-25T18:41:00.632Z','photoURL':'https://s3-us-west-1.amazonaws.com/sdc-restaurantproject-assets/images/suit-673697__340 (1).jpg'},{'photo_type':'drink','date':'2018-11-10T14:29:55.588Z','photoURL':'https://s3-us-west-1.amazonaws.com/sdc-restaurantproject-assets/images/profile-fb-1466530451-96a4d29c9c71.jpg'},{'photo_type':'drink','date':'2018-10-23T09:26:27.390Z','photoURL':'https://s3-us-west-1.amazonaws.com/sdc-restaurantproject-assets/images/photo-1490818387583-1baba5e638af.jpeg'},{'photo_type':'drink','date':'2018-11-21T02:02:06.700Z','photoURL':'https://s3-us-west-1.amazonaws.com/sdc-restaurantproject-assets/images/fruits-155616__340.png'},{'photo_type':'drink','date':'2018-12-22T19:20:09.738Z','photoURL':'https://s3-us-west-1.amazonaws.com/sdc-restaurantproject-assets/images/garlic-139659__340.jpg'},{'photo_type':'food','date':'2018-10-27T11:34:23.473Z','photoURL':'https://s3-us-west-1.amazonaws.com/sdc-restaurantproject-assets/images/beans-1834984__340.jpg'},{'photo_type':'drink','date':'2018-11-01T00:00:52.325Z','photoURL':'https://s3-us-west-1.amazonaws.com/sdc-restaurantproject-assets/images/garlic-139659__340.jpg'},{'photo_type':'drink','date':'2018-12-10T23:44:08.500Z','photoURL':'https://s3-us-west-1.amazonaws.com/sdc-restaurantproject-assets/images/photo-1466814314367-45323ac74e2b.jpeg'},{'photo_type':'drink','date':'2018-12-20T08:03:25.217Z','photoURL':'https://s3-us-west-1.amazonaws.com/sdc-restaurantproject-assets/images/mediterranean-346997__340.jpg'},{'photo_type':'food','date':'2018-12-29T00:23:25.041Z','photoURL':'https://s3-us-west-1.amazonaws.com/sdc-restaurantproject-assets/images/coffee-984328__340.jpg'},{'photo_type':'food','date':'2019-01-05T14:54:18.956Z','photoURL':'https://s3-us-west-1.amazonaws.com/sdc-restaurantproject-assets/images/cooking-cuisine-delicious-958545 (1).jpg'},{'photo_type':'food','date':'2018-11-25T00:33:18.377Z','photoURL':'https://s3-us-west-1.amazonaws.com/sdc-restaurantproject-assets/images/orange-1995056__340.jpg'},{'photo_type':'food','date':'2019-01-10T20:09:44.328Z','photoURL':'https://s3-us-west-1.amazonaws.com/sdc-restaurantproject-assets/images/table-71380__340.jpg'},{'photo_type':'drink','date':'2018-11-17T19:52:15.155Z','photoURL':'https://s3-us-west-1.amazonaws.com/sdc-restaurantproject-assets/images/olive-oil-968657__340.jpg'},{'photo_type':'drink','date':'2018-12-13T12:52:05.759Z','photoURL':'https://s3-us-west-1.amazonaws.com/sdc-restaurantproject-assets/images/alcohol-architecture-bar-260922.jpg'},{'photo_type':'drink','date':'2018-11-21T08:30:51.218Z','photoURL':'https://s3-us-west-1.amazonaws.com/sdc-restaurantproject-assets/images/cafe-870276__340.jpg'},{'photo_type':'drink','date':'2018-10-21T01:29:42.449Z','photoURL':'https://s3-us-west-1.amazonaws.com/sdc-restaurantproject-assets/images/balcony-cafe-chairs-1237073.jpg'},{'photo_type':'food','date':'2018-11-19T22:43:59.647Z','photoURL':'https://s3-us-west-1.amazonaws.com/sdc-restaurantproject-assets/images/coffee-917613__340.jpg'},{'photo_type':'food','date':'2018-11-10T18:30:19.312Z','photoURL':'https://s3-us-west-1.amazonaws.com/sdc-restaurantproject-assets/images/photo-1506802913710-40e2e66339c9.jpeg'}]"
148|"vel"|"[{'photo_type':'interior','date':'2018-10-31T09:58:35.425Z','photoURL':'https://s3-us-west-1.amazonaws.com/sdc-restaurantproject-assets/images/pancakes-2020863__340 (1).jpg'},{'photo_type':'interior','date':'2018-12-25T02:55:35.250Z','photoURL':'https://s3-us-west-1.amazonaws.com/sdc-restaurantproject-assets/images/fruit-3048001__340.jpg'},{'photo_type':'interior','date':'2019-01-09T13:49:42.041Z','photoURL':'https://s3-us-west-1.amazonaws.com/sdc-restaurantproject-assets/images/food-1898194__340 (1).jpg'},{'photo_type':'exterior','date':'2018-12-14T00:13:45.569Z','photoURL':'https://s3-us-west-1.amazonaws.com/sdc-restaurantproject-assets/images/abstract-1238247__340.jpg'},{'photo_type':'food','date':'2018-12-26T11:06:33.937Z','photoURL':'https://s3-us-west-1.amazonaws.com/sdc-restaurantproject-assets/images/profile-fb-1504666801-be8e8c193a97.jpg'},{'photo_type':'drink','date':'2019-01-13T18:06:30.456Z','photoURL':'https://s3-us-west-1.amazonaws.com/sdc-restaurantproject-assets/images/chairs-coffee-shop-drinking-glasses-67468 (1).jpg'},{'photo_type':'drink','date':'2018-10-29T12:14:01.352Z','photoURL':'https://s3-us-west-1.amazonaws.com/sdc-restaurantproject-assets/images/cooking-cuisine-delicious-958545.jpg'},{'photo_type':'drink','date':'2018-12-28T13:10:56.297Z','photoURL':'https://s3-us-west-1.amazonaws.com/sdc-restaurantproject-assets/images/pancake-1984716__340.jpg'},{'photo_type':'food','date':'2018-11-02T11:04:39.466Z','photoURL':'https://s3-us-west-1.amazonaws.com/sdc-restaurantproject-assets/images/photo-1531160038068-e8e80b3318c2.jpeg'},{'photo_type':'food','date':'2019-01-03T14:46:14.318Z','photoURL':'https://s3-us-west-1.amazonaws.com/sdc-restaurantproject-assets/images/cuisine-cutlery-delicious-299348.jpg'},{'photo_type':'drink','date':'2018-11-17T07:09:45.784Z','photoURL':'https://s3-us-west-1.amazonaws.com/sdc-restaurantproject-assets/images/bowl-chairs-cooking-262918 (1).jpg'},{'photo_type':'food','date':'2018-12-26T09:06:31.393Z','photoURL':'https://s3-us-west-1.amazonaws.com/sdc-restaurantproject-assets/images/bar-1869656__340.jpg'},{'photo_type':'drink','date':'2018-12-16T08:44:31.322Z','photoURL':'https://s3-us-west-1.amazonaws.com/sdc-restaurantproject-assets/images/coffee-3727673__340.jpg'},{'photo_type':'food','date':'2018-12-19T09:28:55.706Z','photoURL':'https://s3-us-west-1.amazonaws.com/sdc-restaurantproject-assets/images/grapes-690230__340.jpg'},{'photo_type':'food','date':'2019-01-02T23:58:59.442Z','photoURL':'https://s3-us-west-1.amazonaws.com/sdc-restaurantproject-assets/images/photo-1527515862127-a4fc05baf7a5.jpeg'},{'photo_type':'drink','date':'2018-12-18T00:13:00.818Z','photoURL':'https://s3-us-west-1.amazonaws.com/sdc-restaurantproject-assets/images/chair-cutlery-diner-941861.jpg'},{'photo_type':'drink','date':'2018-10-20T08:06:59.375Z','photoURL':'https://s3-us-west-1.amazonaws.com/sdc-restaurantproject-assets/images/bell-pepper-1302126__340 (1).jpg'},{'photo_type':'food','date':'2018-11-15T21:50:05.448Z','photoURL':'https://s3-us-west-1.amazonaws.com/sdc-restaurantproject-assets/images/barbecue-barbeque-bbq-1268551 (1).jpg'},{'photo_type':'drink','date':'2018-12-13T03:32:10.968Z','photoURL':'https://s3-us-west-1.amazonaws.com/sdc-restaurantproject-assets/images/eat-2834549__340.jpg'},{'photo_type':'food','date':'2018-12-15T09:58:48.706Z','photoURL':'https://s3-us-west-1.amazonaws.com/sdc-restaurantproject-assets/images/kitchen-515388__340.jpg'},{'photo_type':'drink','date':'2019-01-14T18:37:00.685Z','photoURL':'https://s3-us-west-1.amazonaws.com/sdc-restaurantproject-assets/images/beef-cooked-cuisine-1268549.jpg'},{'photo_type':'drink','date':'2018-11-14T23:46:00.812Z','photoURL':'https://s3-us-west-1.amazonaws.com/sdc-restaurantproject-assets/images/pasta-1181189__340.jpg'},{'photo_type':'drink','date':'2018-11-20T10:05:30.916Z','photoURL':'https://s3-us-west-1.amazonaws.com/sdc-restaurantproject-assets/images/photo-1543363136-3fdb62e11be5.jpeg'},{'photo_type':'food','date':'2019-01-13T13:39:28.356Z','photoURL':'https://s3-us-west-1.amazonaws.com/sdc-restaurantproject-assets/images/coffee-841425__340.jpg'},{'photo_type':'food','date':'2018-11-30T12:56:39.673Z','photoURL':'https://s3-us-west-1.amazonaws.com/sdc-restaurantproject-assets/images/profile-1487830591747-6523f091bf0b.jpeg'}]"
149|"qui"|"[{'photo_type':'exterior','date':'2018-10-18T11:37:15.984Z','photoURL':'https://s3-us-west-1.amazonaws.com/sdc-restaurantproject-assets/images/adult-alcoholic-beverages-bar-1267696 (1).jpg'},{'photo_type':'interior','date':'2018-12-18T15:00:37.401Z','photoURL':'https://s3-us-west-1.amazonaws.com/sdc-restaurantproject-assets/images/extra-large.jpg'},{'photo_type':'interior','date':'2018-10-28T07:05:28.394Z','photoURL':'https://s3-us-west-1.amazonaws.com/sdc-restaurantproject-assets/images/basil-dinner-dish-64208.jpg'},{'photo_type':'interior','date':'2018-11-05T23:48:47.318Z','photoURL':'https://s3-us-west-1.amazonaws.com/sdc-restaurantproject-assets/images/photo-1497888329096-51c27beff665.jpeg'},{'photo_type':'food','date':'2018-11-18T12:30:27.092Z','photoURL':'https://s3-us-west-1.amazonaws.com/sdc-restaurantproject-assets/images/cupcakes-690040__340 (1).jpg'},{'photo_type':'drink','date':'2018-10-25T16:27:56.521Z','photoURL':'https://s3-us-west-1.amazonaws.com/sdc-restaurantproject-assets/images/photo-1540189549336-e6e99c3679fe.jpeg'},{'photo_type':'food','date':'2019-01-08T02:30:29.495Z','photoURL':'https://s3-us-west-1.amazonaws.com/sdc-restaurantproject-assets/images/bar-ceiling-chairs-1449773.jpg'},{'photo_type':'drink','date':'2018-12-10T23:40:20.857Z','photoURL':'https://s3-us-west-1.amazonaws.com/sdc-restaurantproject-assets/images/strawberry-2960533__340.jpg'},{'photo_type':'food','date':'2019-01-07T06:46:49.333Z','photoURL':'https://s3-us-west-1.amazonaws.com/sdc-restaurantproject-assets/images/photo-1543363364-98d2b51b47fb.jpeg'},{'photo_type':'drink','date':'2018-10-21T00:41:31.145Z','photoURL':'https://s3-us-west-1.amazonaws.com/sdc-restaurantproject-assets/images/photo-1502301103665-0b95cc738daf.jpeg'},{'photo_type':'drink','date':'2018-12-30T17:26:04.130Z','photoURL':'https://s3-us-west-1.amazonaws.com/sdc-restaurantproject-assets/images/suit-673697__340.jpg'},{'photo_type':'food','date':'2018-11-15T23:29:58.896Z','photoURL':'https://s3-us-west-1.amazonaws.com/sdc-restaurantproject-assets/images/restaurant-chilling-out-classy-lifestyle-260nw-507639565.jpg'},{'photo_type':'food','date':'2018-12-10T18:03:52.110Z','photoURL':'https://s3-us-west-1.amazonaws.com/sdc-restaurantproject-assets/images/cooking-cuisine-delicious-958545.jpg'},{'photo_type':'drink','date':'2018-10-20T04:46:59.325Z','photoURL':'https://s3-us-west-1.amazonaws.com/sdc-restaurantproject-assets/images/barbecue-1239434__340.jpg'},{'photo_type':'drink','date':'2018-12-28T12:47:23.221Z','photoURL':'https://s3-us-west-1.amazonaws.com/sdc-restaurantproject-assets/images/coffee-34251__340.png'},{'photo_type':'drink','date':'2018-11-23T08:04:17.813Z','photoURL':'https://s3-us-west-1.amazonaws.com/sdc-restaurantproject-assets/images/photo-1504263716296-ed1a29eca28c.jpeg'},{'photo_type':'food','date':'2018-10-19T05:00:54.001Z','photoURL':'https://s3-us-west-1.amazonaws.com/sdc-restaurantproject-assets/images/photo-1481931098730-318b6f776db0.jpeg'},{'photo_type':'drink','date':'2018-10-25T16:33:33.435Z','photoURL':'https://s3-us-west-1.amazonaws.com/sdc-restaurantproject-assets/images/breakfast-801827__340.jpg'},{'photo_type':'food','date':'2018-12-15T00:02:43.001Z','photoURL':'https://s3-us-west-1.amazonaws.com/sdc-restaurantproject-assets/images/coffee-424763__340.jpg'},{'photo_type':'drink','date':'2018-12-02T04:33:54.188Z','photoURL':'https://s3-us-west-1.amazonaws.com/sdc-restaurantproject-assets/images/blueberries-1576407__340.jpg'},{'photo_type':'drink','date':'2018-12-25T15:19:50.108Z','photoURL':'https://s3-us-west-1.amazonaws.com/sdc-restaurantproject-assets/images/raspberries-1426859__340.jpg'},{'photo_type':'drink','date':'2019-01-10T15:23:19.612Z','photoURL':'https://s3-us-west-1.amazonaws.com/sdc-restaurantproject-assets/images/adult-blur-blurred-background-687824 (1).jpg'}]"
150|"molestiae"|"[{'photo_type':'interior','date':'2018-12-28T14:30:25.214Z','photoURL':'https://s3-us-west-1.amazonaws.com/sdc-restaurantproject-assets/images/asian-1238668__340.jpg'},{'photo_type':'interior','date':'2018-10-29T00:42:11.903Z','photoURL':'https://s3-us-west-1.amazonaws.com/sdc-restaurantproject-assets/images/photo-1432139509613-5c4255815697.jpeg'},{'photo_type':'interior','date':'2019-01-07T21:14:46.623Z','photoURL':'https://s3-us-west-1.amazonaws.com/sdc-restaurantproject-assets/images/photo-1490474418585-ba9bad8fd0ea.jpeg'},{'photo_type':'exterior','date':'2018-11-28T21:08:55.866Z','photoURL':'https://s3-us-west-1.amazonaws.com/sdc-restaurantproject-assets/images/salad-2756467__340 (1).jpg'},{'photo_type':'food','date':'2019-01-04T09:03:31.635Z','photoURL':'https://s3-us-west-1.amazonaws.com/sdc-restaurantproject-assets/images/carrots-2387394__340.jpg'},{'photo_type':'food','date':'2018-12-26T02:01:22.022Z','photoURL':'https://s3-us-west-1.amazonaws.com/sdc-restaurantproject-assets/images/coffee-34251__340.png'},{'photo_type':'food','date':'2019-01-01T07:42:25.146Z','photoURL':'https://s3-us-west-1.amazonaws.com/sdc-restaurantproject-assets/images/slice-of-lemon-2135548__340 (1).jpg'},{'photo_type':'food','date':'2018-10-31T05:09:22.058Z','photoURL':'https://s3-us-west-1.amazonaws.com/sdc-restaurantproject-assets/images/chain-close-up-display-1036857 (1).jpg'},{'photo_type':'drink','date':'2018-11-03T21:01:02.304Z','photoURL':'https://s3-us-west-1.amazonaws.com/sdc-restaurantproject-assets/images/garlic-139659__340 (1).jpg'},{'photo_type':'food','date':'2018-12-28T21:18:47.373Z','photoURL':'https://s3-us-west-1.amazonaws.com/sdc-restaurantproject-assets/images/bar-ceiling-chairs-1449773.jpg'},{'photo_type':'drink','date':'2018-11-25T18:29:24.537Z','photoURL':'https://s3-us-west-1.amazonaws.com/sdc-restaurantproject-assets/images/knife-1088529__340.png'},{'photo_type':'drink','date':'2018-11-24T17:19:03.928Z','photoURL':'https://s3-us-west-1.amazonaws.com/sdc-restaurantproject-assets/images/chairs-coffee-shop-drinking-glasses-67468.jpg'},{'photo_type':'food','date':'2018-10-18T00:11:41.690Z','photoURL':'https://s3-us-west-1.amazonaws.com/sdc-restaurantproject-assets/images/salmon-518032__340.jpg'},{'photo_type':'food','date':'2018-12-21T09:43:41.631Z','photoURL':'https://s3-us-west-1.amazonaws.com/sdc-restaurantproject-assets/images/photo-1532768641073-503a250f9754.jpeg'},{'photo_type':'drink','date':'2018-12-09T02:52:42.683Z','photoURL':'https://s3-us-west-1.amazonaws.com/sdc-restaurantproject-assets/images/breakfast-caffeine-coffee-1528013.jpg'}]"
